Protocol Type,Source Bytes,Destination Bytes
17.0,0,0
17.0,0,0
17.0,0,0
17.0,0,0
17.0,0,0
17.0,0,0
17.0,0,0
17.0,0,0
17.0,0,0
17.0,0,0
17.0,0,0
17.0,0,0
17.0,0,0
17.0,0,0
17.0,0,0
17.0,0,0
17.0,0,0
17.0,0,0
17.0,0,0
17.0,0,0
17.0,0,0
17.0,0,0
17.0,0,0
17.0,0,0
17.0,0,0
17.0,0,0
17.0,0,0
17.0,0,0
17.0,0,0
17.0,0,0
17.0,0,0
17.0,0,0
17.0,0,0
17.0,0,0
17.0,0,0
17.0,0,0
6.0,0,66
6.0,0,66
17.0,0,0
17.0,0,0
17.0,0,0
17.0,0,0
17.0,0,0
17.0,0,0
17.0,0,0
17.0,0,0
17.0,0,0
17.0,0,0
17.0,0,0
17.0,0,0
17.0,0,0
17.0,0,0
17.0,0,0
17.0,0,0
17.0,0,0
17.0,0,0
17.0,0,0
17.0,0,0
17.0,0,0
17.0,0,0
17.0,0,0
17.0,0,0
17.0,0,0
17.0,0,0
17.0,0,0
17.0,0,0
17.0,0,0
17.0,0,0
17.0,0,0
17.0,0,0
17.0,0,0
17.0,0,0
17.0,0,0
17.0,0,0
17.0,0,0
17.0,0,0
17.0,0,0
17.0,0,0
17.0,0,0
17.0,0,0
,0,0
17.0,0,0
,0,0
17.0,0,0
17.0,0,0
17.0,0,0
17.0,0,0
17.0,0,0
17.0,0,0
17.0,0,0
17.0,0,0
17.0,0,0
17.0,0,0
17.0,0,0
17.0,0,0
17.0,0,0
17.0,0,0
17.0,0,0
17.0,0,0
17.0,0,0
17.0,0,0
17.0,0,0
17.0,0,0
17.0,0,0
17.0,0,0
17.0,0,0
17.0,0,0
17.0,0,0
17.0,0,0
17.0,0,0
17.0,0,0
17.0,0,0
17.0,0,0
17.0,0,0
17.0,0,0
17.0,0,0
17.0,0,0
17.0,0,0
17.0,0,0
17.0,0,0
17.0,0,0
17.0,0,0
17.0,0,0
17.0,0,0
17.0,0,0
17.0,0,0
17.0,0,0
17.0,0,0
17.0,0,0
17.0,0,0
17.0,0,0
17.0,0,0
17.0,0,0
17.0,0,0
17.0,0,0
17.0,0,0
17.0,0,0
17.0,0,0
17.0,0,0
17.0,0,0
17.0,0,0
17.0,0,0
17.0,0,0
17.0,0,0
17.0,0,0
17.0,0,0
17.0,0,0
17.0,0,0
17.0,0,0
17.0,0,0
17.0,0,0
17.0,0,0
17.0,0,0
17.0,0,0
17.0,0,0
17.0,0,0
17.0,0,0
17.0,0,0
17.0,0,0
17.0,0,0
17.0,0,0
17.0,0,0
17.0,0,0
17.0,0,0
17.0,0,0
17.0,0,0
17.0,0,0
17.0,0,0
17.0,0,0
17.0,0,0
17.0,0,0
17.0,0,0
17.0,0,0
17.0,0,0
17.0,0,0
17.0,0,0
17.0,0,0
17.0,0,0
17.0,0,0
17.0,0,0
17.0,0,0
17.0,0,0
17.0,0,0
17.0,0,0
17.0,0,0
17.0,0,0
17.0,0,0
17.0,0,0
17.0,0,0
17.0,0,0
17.0,0,0
17.0,0,0
17.0,0,0
17.0,0,0
17.0,0,0
17.0,0,0
17.0,0,0
17.0,0,0
17.0,0,0
17.0,0,0
17.0,0,0
17.0,0,0
17.0,0,0
17.0,0,0
17.0,0,0
17.0,0,0
17.0,0,0
17.0,0,0
17.0,0,0
17.0,0,0
17.0,0,0
17.0,0,0
17.0,0,0
17.0,0,0
17.0,0,0
17.0,0,0
17.0,0,0
17.0,0,0
17.0,0,0
17.0,0,0
17.0,0,0
17.0,0,0
17.0,0,0
17.0,0,0
17.0,0,0
17.0,0,0
17.0,0,0
17.0,0,0
17.0,0,0
17.0,0,0
17.0,0,0
17.0,0,0
17.0,0,0
17.0,0,0
17.0,0,0
17.0,0,0
17.0,0,0
17.0,0,0
17.0,0,0
17.0,0,0
17.0,0,0
17.0,0,0
17.0,0,0
17.0,0,0
17.0,0,0
17.0,0,0
17.0,0,0
17.0,0,0
17.0,0,0
17.0,0,0
17.0,0,0
17.0,0,0
17.0,0,0
17.0,0,0
17.0,0,0
17.0,0,0
17.0,0,0
17.0,0,0
17.0,0,0
17.0,0,0
17.0,0,0
17.0,0,0
17.0,0,0
17.0,0,0
17.0,0,0
17.0,0,0
17.0,0,0
17.0,0,0
17.0,0,0
17.0,0,0
17.0,0,0
17.0,0,0
17.0,0,0
17.0,0,0
17.0,0,0
17.0,0,0
17.0,0,0
17.0,0,0
17.0,0,0
17.0,0,0
17.0,0,0
17.0,0,0
17.0,0,0
17.0,0,0
17.0,0,0
17.0,0,0
17.0,0,0
17.0,0,0
17.0,0,0
17.0,0,0
17.0,0,0
17.0,0,0
17.0,0,0
17.0,0,0
17.0,0,0
17.0,0,0
17.0,0,0
17.0,0,0
17.0,0,0
17.0,0,0
17.0,0,0
17.0,0,0
17.0,0,0
17.0,0,0
17.0,0,0
17.0,0,0
17.0,0,0
17.0,0,0
17.0,0,0
17.0,0,0
17.0,0,0
17.0,0,0
17.0,0,0
17.0,0,0
17.0,0,0
17.0,0,0
17.0,0,0
17.0,0,0
17.0,0,0
17.0,0,0
17.0,0,0
17.0,0,0
17.0,0,0
17.0,0,0
17.0,0,0
17.0,0,0
17.0,0,0
17.0,0,0
17.0,0,0
17.0,0,0
17.0,0,0
17.0,0,0
17.0,0,0
17.0,0,0
17.0,0,0
17.0,0,0
17.0,0,0
17.0,0,0
17.0,0,0
17.0,0,0
17.0,0,0
17.0,0,0
17.0,0,0
17.0,0,0
17.0,0,0
17.0,0,0
17.0,0,0
17.0,0,0
17.0,0,0
17.0,0,0
17.0,0,0
17.0,0,0
17.0,0,0
17.0,0,0
17.0,0,0
17.0,0,0
17.0,0,0
17.0,0,0
17.0,0,0
17.0,0,0
17.0,0,0
17.0,0,0
17.0,0,0
17.0,0,0
17.0,0,0
17.0,0,0
17.0,0,0
17.0,0,0
17.0,0,0
17.0,0,0
17.0,0,0
17.0,0,0
17.0,0,0
17.0,0,0
17.0,0,0
17.0,0,0
17.0,0,0
17.0,0,0
17.0,0,0
17.0,0,0
17.0,0,0
17.0,0,0
17.0,0,0
17.0,0,0
17.0,0,0
17.0,0,0
17.0,0,0
17.0,0,0
17.0,0,0
17.0,0,0
17.0,0,0
17.0,0,0
17.0,0,0
17.0,0,0
17.0,0,0
17.0,0,0
17.0,0,0
17.0,0,0
17.0,0,0
17.0,0,0
17.0,0,0
17.0,0,0
17.0,0,0
17.0,0,0
17.0,0,0
17.0,0,0
17.0,0,0
17.0,0,0
17.0,0,0
17.0,0,0
17.0,0,0
17.0,0,0
17.0,0,0
17.0,0,0
17.0,0,0
17.0,0,0
17.0,0,0
17.0,0,0
17.0,0,0
17.0,0,0
17.0,0,0
17.0,0,0
17.0,0,0
17.0,0,0
17.0,0,0
17.0,0,0
17.0,0,0
17.0,0,0
17.0,0,0
17.0,0,0
17.0,0,0
17.0,0,0
17.0,0,0
17.0,0,0
17.0,0,0
17.0,0,0
17.0,0,0
17.0,0,0
17.0,0,0
17.0,0,0
17.0,0,0
17.0,0,0
17.0,0,0
17.0,0,0
17.0,0,0
17.0,0,0
17.0,0,0
17.0,0,0
17.0,0,0
17.0,0,0
17.0,0,0
17.0,0,0
17.0,0,0
17.0,0,0
17.0,0,0
17.0,0,0
17.0,0,0
17.0,0,0
17.0,0,0
17.0,0,0
17.0,0,0
17.0,0,0
17.0,0,0
17.0,0,0
17.0,0,0
17.0,0,0
17.0,0,0
17.0,0,0
17.0,0,0
17.0,0,0
17.0,0,0
17.0,0,0
17.0,0,0
17.0,0,0
17.0,0,0
17.0,0,0
17.0,0,0
17.0,0,0
17.0,0,0
17.0,0,0
17.0,0,0
17.0,0,0
17.0,0,0
17.0,0,0
17.0,0,0
17.0,0,0
17.0,0,0
17.0,0,0
17.0,0,0
17.0,0,0
17.0,0,0
17.0,0,0
17.0,0,0
17.0,0,0
17.0,0,0
17.0,0,0
17.0,0,0
17.0,0,0
17.0,0,0
17.0,0,0
17.0,0,0
17.0,0,0
17.0,0,0
17.0,0,0
17.0,0,0
17.0,0,0
17.0,0,0
17.0,0,0
17.0,0,0
17.0,0,0
17.0,0,0
17.0,0,0
17.0,0,0
17.0,0,0
17.0,0,0
17.0,0,0
17.0,0,0
17.0,0,0
17.0,0,0
17.0,0,0
17.0,0,0
17.0,0,0
17.0,0,0
17.0,0,0
17.0,0,0
17.0,0,0
17.0,0,0
17.0,0,0
17.0,0,0
17.0,0,0
17.0,0,0
17.0,0,0
17.0,0,0
17.0,0,0
17.0,0,0
17.0,0,0
17.0,0,0
17.0,0,0
17.0,0,0
17.0,0,0
17.0,0,0
17.0,0,0
17.0,0,0
17.0,0,0
17.0,0,0
17.0,0,0
17.0,0,0
17.0,0,0
17.0,0,0
17.0,0,0
17.0,0,0
17.0,0,0
17.0,0,0
17.0,0,0
17.0,0,0
17.0,0,0
17.0,0,0
17.0,0,0
17.0,0,0
17.0,0,0
17.0,0,0
17.0,0,0
17.0,0,0
17.0,0,0
17.0,0,0
17.0,0,0
17.0,0,0
17.0,0,0
17.0,0,0
17.0,0,0
17.0,0,0
17.0,0,0
17.0,0,0
17.0,0,0
17.0,0,0
17.0,0,0
17.0,0,0
17.0,0,0
17.0,0,0
17.0,0,0
17.0,0,0
17.0,0,0
17.0,0,0
17.0,0,0
17.0,0,0
17.0,0,0
17.0,0,0
17.0,0,0
17.0,0,0
17.0,0,0
17.0,0,0
17.0,0,0
17.0,0,0
17.0,0,0
17.0,0,0
17.0,0,0
17.0,0,0
17.0,0,0
17.0,0,0
17.0,0,0
17.0,0,0
17.0,0,0
17.0,0,0
17.0,0,0
17.0,0,0
17.0,0,0
17.0,0,0
17.0,0,0
17.0,0,0
17.0,0,0
17.0,0,0
17.0,0,0
17.0,0,0
17.0,0,0
17.0,0,0
17.0,0,0
17.0,0,0
17.0,0,0
17.0,0,0
17.0,0,0
17.0,0,0
17.0,0,0
17.0,0,0
17.0,0,0
17.0,0,0
17.0,0,0
17.0,0,0
17.0,0,0
17.0,0,0
17.0,0,0
17.0,0,0
17.0,0,0
17.0,0,0
17.0,0,0
17.0,0,0
17.0,0,0
6.0,113,66
6.0,1388,66
6.0,530,66
17.0,0,0
17.0,0,0
17.0,0,0
17.0,0,0
17.0,0,0
17.0,0,0
17.0,0,0
17.0,0,0
17.0,0,0
17.0,0,0
17.0,0,0
17.0,0,0
17.0,0,0
17.0,0,0
17.0,0,0
17.0,0,0
17.0,0,0
17.0,0,0
17.0,0,0
17.0,0,0
17.0,0,0
17.0,0,0
17.0,0,0
17.0,0,0
17.0,0,0
17.0,0,0
17.0,0,0
17.0,0,0
17.0,0,0
17.0,0,0
17.0,0,0
17.0,0,0
17.0,0,0
17.0,0,0
17.0,0,0
17.0,0,0
17.0,0,0
17.0,0,0
17.0,0,0
17.0,0,0
6.0,0,66
6.0,94,66
6.0,0,66
17.0,0,0
17.0,0,0
17.0,0,0
17.0,0,0
17.0,0,0
17.0,0,0
17.0,0,0
17.0,0,0
17.0,0,0
,0,0
17.0,0,0
17.0,0,0
17.0,0,0
17.0,0,0
17.0,0,0
17.0,0,0
17.0,0,0
17.0,0,0
17.0,0,0
17.0,0,0
17.0,0,0
17.0,0,0
17.0,0,0
17.0,0,0
17.0,0,0
17.0,0,0
17.0,0,0
17.0,0,0
17.0,0,0
17.0,0,0
17.0,0,0
17.0,0,0
17.0,0,0
17.0,0,0
,0,0
,0,0
17.0,0,0
17.0,0,0
17.0,0,0
17.0,0,0
17.0,0,0
17.0,0,0
17.0,0,0
17.0,0,0
17.0,0,0
17.0,0,0
17.0,0,0
17.0,0,0
17.0,0,0
17.0,0,0
17.0,0,0
17.0,0,0
17.0,0,0
17.0,0,0
17.0,0,0
17.0,0,0
17.0,0,0
17.0,0,0
17.0,0,0
17.0,0,0
17.0,0,0
17.0,0,0
17.0,0,0
17.0,0,0
17.0,0,0
17.0,0,0
17.0,0,0
17.0,0,0
17.0,0,0
17.0,0,0
17.0,0,0
17.0,0,0
17.0,0,0
17.0,0,0
17.0,0,0
17.0,0,0
17.0,0,0
17.0,0,0
17.0,0,0
17.0,0,0
17.0,0,0
17.0,0,0
17.0,0,0
17.0,0,0
17.0,0,0
17.0,0,0
17.0,0,0
17.0,0,0
17.0,0,0
17.0,0,0
17.0,0,0
17.0,0,0
17.0,0,0
17.0,0,0
17.0,0,0
17.0,0,0
17.0,0,0
17.0,0,0
17.0,0,0
17.0,0,0
17.0,0,0
17.0,0,0
17.0,0,0
17.0,0,0
17.0,0,0
17.0,0,0
17.0,0,0
17.0,0,0
17.0,0,0
17.0,0,0
17.0,0,0
17.0,0,0
17.0,0,0
17.0,0,0
17.0,0,0
17.0,0,0
17.0,0,0
17.0,0,0
17.0,0,0
17.0,0,0
17.0,0,0
17.0,0,0
17.0,0,0
17.0,0,0
17.0,0,0
17.0,0,0
17.0,0,0
17.0,0,0
17.0,0,0
17.0,0,0
17.0,0,0
17.0,0,0
17.0,0,0
17.0,0,0
17.0,0,0
17.0,0,0
17.0,0,0
17.0,0,0
17.0,0,0
17.0,0,0
17.0,0,0
17.0,0,0
17.0,0,0
17.0,0,0
17.0,0,0
17.0,0,0
17.0,0,0
17.0,0,0
17.0,0,0
17.0,0,0
17.0,0,0
17.0,0,0
17.0,0,0
17.0,0,0
17.0,0,0
17.0,0,0
17.0,0,0
17.0,0,0
17.0,0,0
17.0,0,0
17.0,0,0
17.0,0,0
17.0,0,0
17.0,0,0
17.0,0,0
17.0,0,0
17.0,0,0
17.0,0,0
17.0,0,0
17.0,0,0
17.0,0,0
17.0,0,0
17.0,0,0
17.0,0,0
17.0,0,0
17.0,0,0
17.0,0,0
17.0,0,0
17.0,0,0
17.0,0,0
17.0,0,0
17.0,0,0
17.0,0,0
17.0,0,0
17.0,0,0
17.0,0,0
17.0,0,0
17.0,0,0
17.0,0,0
17.0,0,0
17.0,0,0
17.0,0,0
17.0,0,0
17.0,0,0
17.0,0,0
17.0,0,0
17.0,0,0
17.0,0,0
17.0,0,0
17.0,0,0
17.0,0,0
17.0,0,0
17.0,0,0
17.0,0,0
17.0,0,0
17.0,0,0
17.0,0,0
17.0,0,0
17.0,0,0
17.0,0,0
17.0,0,0
17.0,0,0
17.0,0,0
17.0,0,0
17.0,0,0
17.0,0,0
17.0,0,0
17.0,0,0
17.0,0,0
17.0,0,0
17.0,0,0
17.0,0,0
17.0,0,0
17.0,0,0
17.0,0,0
17.0,0,0
17.0,0,0
17.0,0,0
17.0,0,0
17.0,0,0
17.0,0,0
17.0,0,0
17.0,0,0
17.0,0,0
17.0,0,0
17.0,0,0
17.0,0,0
17.0,0,0
17.0,0,0
17.0,0,0
17.0,0,0
17.0,0,0
17.0,0,0
17.0,0,0
17.0,0,0
17.0,0,0
17.0,0,0
17.0,0,0
17.0,0,0
17.0,0,0
17.0,0,0
17.0,0,0
17.0,0,0
17.0,0,0
17.0,0,0
17.0,0,0
17.0,0,0
17.0,0,0
17.0,0,0
17.0,0,0
17.0,0,0
17.0,0,0
17.0,0,0
17.0,0,0
17.0,0,0
17.0,0,0
17.0,0,0
17.0,0,0
17.0,0,0
17.0,0,0
17.0,0,0
17.0,0,0
17.0,0,0
17.0,0,0
17.0,0,0
17.0,0,0
17.0,0,0
17.0,0,0
17.0,0,0
17.0,0,0
17.0,0,0
17.0,0,0
17.0,0,0
17.0,0,0
17.0,0,0
17.0,0,0
17.0,0,0
17.0,0,0
17.0,0,0
17.0,0,0
17.0,0,0
17.0,0,0
17.0,0,0
17.0,0,0
17.0,0,0
17.0,0,0
17.0,0,0
17.0,0,0
17.0,0,0
17.0,0,0
17.0,0,0
17.0,0,0
17.0,0,0
17.0,0,0
17.0,0,0
17.0,0,0
17.0,0,0
17.0,0,0
17.0,0,0
17.0,0,0
17.0,0,0
17.0,0,0
17.0,0,0
17.0,0,0
17.0,0,0
17.0,0,0
17.0,0,0
17.0,0,0
17.0,0,0
17.0,0,0
17.0,0,0
17.0,0,0
17.0,0,0
17.0,0,0
17.0,0,0
17.0,0,0
17.0,0,0
17.0,0,0
17.0,0,0
17.0,0,0
17.0,0,0
17.0,0,0
17.0,0,0
17.0,0,0
17.0,0,0
17.0,0,0
17.0,0,0
17.0,0,0
17.0,0,0
17.0,0,0
17.0,0,0
17.0,0,0
17.0,0,0
17.0,0,0
17.0,0,0
17.0,0,0
17.0,0,0
17.0,0,0
17.0,0,0
17.0,0,0
17.0,0,0
17.0,0,0
17.0,0,0
17.0,0,0
17.0,0,0
17.0,0,0
17.0,0,0
17.0,0,0
17.0,0,0
17.0,0,0
17.0,0,0
17.0,0,0
17.0,0,0
17.0,0,0
17.0,0,0
17.0,0,0
17.0,0,0
17.0,0,0
17.0,0,0
17.0,0,0
17.0,0,0
17.0,0,0
17.0,0,0
17.0,0,0
17.0,0,0
17.0,0,0
17.0,0,0
17.0,0,0
17.0,0,0
17.0,0,0
17.0,0,0
17.0,0,0
17.0,0,0
17.0,0,0
17.0,0,0
17.0,0,0
17.0,0,0
17.0,0,0
17.0,0,0
17.0,0,0
17.0,0,0
17.0,0,0
17.0,0,0
17.0,0,0
17.0,0,0
17.0,0,0
17.0,0,0
17.0,0,0
17.0,0,0
17.0,0,0
17.0,0,0
17.0,0,0
17.0,0,0
17.0,0,0
17.0,0,0
17.0,0,0
17.0,0,0
17.0,0,0
17.0,0,0
17.0,0,0
17.0,0,0
17.0,0,0
17.0,0,0
17.0,0,0
17.0,0,0
17.0,0,0
17.0,0,0
17.0,0,0
17.0,0,0
17.0,0,0
17.0,0,0
17.0,0,0
17.0,0,0
17.0,0,0
17.0,0,0
17.0,0,0
17.0,0,0
17.0,0,0
17.0,0,0
17.0,0,0
17.0,0,0
17.0,0,0
17.0,0,0
17.0,0,0
17.0,0,0
17.0,0,0
17.0,0,0
17.0,0,0
17.0,0,0
17.0,0,0
17.0,0,0
17.0,0,0
17.0,0,0
17.0,0,0
17.0,0,0
17.0,0,0
17.0,0,0
17.0,0,0
17.0,0,0
17.0,0,0
17.0,0,0
17.0,0,0
17.0,0,0
17.0,0,0
17.0,0,0
17.0,0,0
17.0,0,0
17.0,0,0
17.0,0,0
17.0,0,0
17.0,0,0
17.0,0,0
17.0,0,0
17.0,0,0
17.0,0,0
17.0,0,0
17.0,0,0
17.0,0,0
17.0,0,0
17.0,0,0
17.0,0,0
17.0,0,0
17.0,0,0
17.0,0,0
17.0,0,0
17.0,0,0
17.0,0,0
17.0,0,0
17.0,0,0
17.0,0,0
17.0,0,0
17.0,0,0
17.0,0,0
17.0,0,0
17.0,0,0
17.0,0,0
17.0,0,0
17.0,0,0
17.0,0,0
17.0,0,0
17.0,0,0
17.0,0,0
17.0,0,0
17.0,0,0
17.0,0,0
17.0,0,0
17.0,0,0
17.0,0,0
17.0,0,0
17.0,0,0
17.0,0,0
17.0,0,0
17.0,0,0
17.0,0,0
17.0,0,0
17.0,0,0
17.0,0,0
17.0,0,0
17.0,0,0
17.0,0,0
17.0,0,0
17.0,0,0
17.0,0,0
17.0,0,0
17.0,0,0
17.0,0,0
17.0,0,0
17.0,0,0
17.0,0,0
17.0,0,0
17.0,0,0
17.0,0,0
17.0,0,0
17.0,0,0
17.0,0,0
17.0,0,0
17.0,0,0
17.0,0,0
17.0,0,0
17.0,0,0
17.0,0,0
17.0,0,0
17.0,0,0
17.0,0,0
17.0,0,0
17.0,0,0
17.0,0,0
17.0,0,0
17.0,0,0
17.0,0,0
17.0,0,0
17.0,0,0
17.0,0,0
17.0,0,0
17.0,0,0
17.0,0,0
17.0,0,0
17.0,0,0
17.0,0,0
17.0,0,0
17.0,0,0
17.0,0,0
17.0,0,0
17.0,0,0
17.0,0,0
17.0,0,0
17.0,0,0
17.0,0,0
17.0,0,0
17.0,0,0
17.0,0,0
17.0,0,0
,0,0
,0,0
17.0,0,0
17.0,0,0
17.0,0,0
17.0,0,0
17.0,0,0
17.0,0,0
17.0,0,0
17.0,0,0
17.0,0,0
17.0,0,0
17.0,0,0
17.0,0,0
17.0,0,0
17.0,0,0
17.0,0,0
17.0,0,0
17.0,0,0
17.0,0,0
17.0,0,0
17.0,0,0
17.0,0,0
17.0,0,0
17.0,0,0
17.0,0,0
17.0,0,0
17.0,0,0
17.0,0,0
17.0,0,0
17.0,0,0
17.0,0,0
17.0,0,0
17.0,0,0
17.0,0,0
17.0,0,0
17.0,0,0
17.0,0,0
17.0,0,0
17.0,0,0
17.0,0,0
17.0,0,0
17.0,0,0
17.0,0,0
6.0,15,54
17.0,0,0
17.0,0,0
17.0,0,0
17.0,0,0
17.0,0,0
17.0,0,0
17.0,0,0
17.0,0,0
17.0,0,0
17.0,0,0
17.0,0,0
17.0,0,0
17.0,0,0
17.0,0,0
17.0,0,0
17.0,0,0
17.0,0,0
17.0,0,0
17.0,0,0
17.0,0,0
17.0,0,0
17.0,0,0
17.0,0,0
17.0,0,0
17.0,0,0
17.0,0,0
17.0,0,0
17.0,0,0
17.0,0,0
17.0,0,0
17.0,0,0
17.0,0,0
17.0,0,0
17.0,0,0
17.0,0,0
17.0,0,0
17.0,0,0
17.0,0,0
17.0,0,0
17.0,0,0
17.0,0,0
17.0,0,0
17.0,0,0
17.0,0,0
17.0,0,0
17.0,0,0
17.0,0,0
17.0,0,0
6.0,0,54
6.0,29,54
17.0,0,0
17.0,0,0
17.0,0,0
17.0,0,0
17.0,0,0
17.0,0,0
17.0,0,0
17.0,0,0
17.0,0,0
6.0,0,54
17.0,0,0
17.0,0,0
17.0,0,0
17.0,0,0
17.0,0,0
17.0,0,0
17.0,0,0
17.0,0,0
17.0,0,0
17.0,0,0
17.0,0,0
17.0,0,0
17.0,0,0
17.0,0,0
17.0,0,0
17.0,0,0
17.0,0,0
17.0,0,0
17.0,0,0
17.0,0,0
17.0,0,0
17.0,0,0
17.0,0,0
17.0,0,0
17.0,0,0
17.0,0,0
17.0,0,0
17.0,0,0
6.0,0,66
17.0,0,0
17.0,0,0
17.0,0,0
17.0,0,0
6.0,175,54
6.0,0,54
17.0,0,0
17.0,0,0
17.0,0,0
17.0,0,0
17.0,0,0
17.0,0,0
17.0,0,0
17.0,0,0
17.0,0,0
17.0,0,0
17.0,0,0
17.0,0,0
17.0,0,0
17.0,0,0
17.0,0,0
17.0,0,0
17.0,0,0
17.0,0,0
17.0,0,0
17.0,0,0
17.0,0,0
17.0,0,0
17.0,0,0
17.0,0,0
17.0,0,0
17.0,0,0
17.0,0,0
17.0,0,0
17.0,0,0
17.0,0,0
17.0,0,0
17.0,0,0
17.0,0,0
17.0,0,0
17.0,0,0
17.0,0,0
17.0,0,0
17.0,0,0
17.0,0,0
17.0,0,0
17.0,0,0
17.0,0,0
17.0,0,0
17.0,0,0
17.0,0,0
17.0,0,0
17.0,0,0
17.0,0,0
17.0,0,0
17.0,0,0
17.0,0,0
17.0,0,0
17.0,0,0
17.0,0,0
17.0,0,0
17.0,0,0
17.0,0,0
17.0,0,0
17.0,0,0
17.0,0,0
17.0,0,0
17.0,0,0
17.0,0,0
17.0,0,0
17.0,0,0
17.0,0,0
17.0,0,0
17.0,0,0
17.0,0,0
17.0,0,0
17.0,0,0
17.0,0,0
17.0,0,0
17.0,0,0
17.0,0,0
17.0,0,0
17.0,0,0
17.0,0,0
17.0,0,0
17.0,0,0
17.0,0,0
17.0,0,0
17.0,0,0
17.0,0,0
17.0,0,0
17.0,0,0
17.0,0,0
17.0,0,0
17.0,0,0
17.0,0,0
17.0,0,0
17.0,0,0
17.0,0,0
17.0,0,0
17.0,0,0
17.0,0,0
17.0,0,0
17.0,0,0
17.0,0,0
17.0,0,0
17.0,0,0
17.0,0,0
17.0,0,0
17.0,0,0
17.0,0,0
17.0,0,0
17.0,0,0
17.0,0,0
17.0,0,0
17.0,0,0
17.0,0,0
17.0,0,0
17.0,0,0
17.0,0,0
17.0,0,0
17.0,0,0
17.0,0,0
17.0,0,0
17.0,0,0
17.0,0,0
17.0,0,0
17.0,0,0
17.0,0,0
17.0,0,0
17.0,0,0
17.0,0,0
17.0,0,0
17.0,0,0
17.0,0,0
17.0,0,0
17.0,0,0
17.0,0,0
17.0,0,0
17.0,0,0
17.0,0,0
17.0,0,0
17.0,0,0
17.0,0,0
17.0,0,0
6.0,0,54
17.0,0,0
17.0,0,0
17.0,0,0
17.0,0,0
17.0,0,0
17.0,0,0
17.0,0,0
17.0,0,0
17.0,0,0
17.0,0,0
17.0,0,0
17.0,0,0
17.0,0,0
17.0,0,0
17.0,0,0
17.0,0,0
17.0,0,0
17.0,0,0
17.0,0,0
17.0,0,0
17.0,0,0
17.0,0,0
17.0,0,0
17.0,0,0
17.0,0,0
17.0,0,0
17.0,0,0
17.0,0,0
17.0,0,0
17.0,0,0
6.0,0,66
17.0,0,0
17.0,0,0
17.0,0,0
17.0,0,0
17.0,0,0
17.0,0,0
17.0,0,0
17.0,0,0
17.0,0,0
17.0,0,0
17.0,0,0
17.0,0,0
17.0,0,0
17.0,0,0
17.0,0,0
17.0,0,0
17.0,0,0
17.0,0,0
17.0,0,0
17.0,0,0
17.0,0,0
17.0,0,0
17.0,0,0
17.0,0,0
17.0,0,0
17.0,0,0
17.0,0,0
17.0,0,0
17.0,0,0
17.0,0,0
17.0,0,0
17.0,0,0
17.0,0,0
17.0,0,0
17.0,0,0
17.0,0,0
17.0,0,0
17.0,0,0
17.0,0,0
17.0,0,0
17.0,0,0
17.0,0,0
17.0,0,0
17.0,0,0
17.0,0,0
17.0,0,0
17.0,0,0
17.0,0,0
17.0,0,0
17.0,0,0
17.0,0,0
17.0,0,0
17.0,0,0
17.0,0,0
17.0,0,0
17.0,0,0
,0,0
17.0,0,0
17.0,0,0
17.0,0,0
17.0,0,0
17.0,0,0
17.0,0,0
17.0,0,0
17.0,0,0
17.0,0,0
17.0,0,0
17.0,0,0
17.0,0,0
17.0,0,0
17.0,0,0
17.0,0,0
17.0,0,0
17.0,0,0
17.0,0,0
17.0,0,0
17.0,0,0
17.0,0,0
17.0,0,0
17.0,0,0
17.0,0,0
17.0,0,0
17.0,0,0
17.0,0,0
17.0,0,0
17.0,0,0
17.0,0,0
17.0,0,0
17.0,0,0
17.0,0,0
17.0,0,0
17.0,0,0
17.0,0,0
17.0,0,0
17.0,0,0
17.0,0,0
17.0,0,0
17.0,0,0
17.0,0,0
17.0,0,0
17.0,0,0
17.0,0,0
17.0,0,0
17.0,0,0
17.0,0,0
17.0,0,0
17.0,0,0
17.0,0,0
17.0,0,0
17.0,0,0
17.0,0,0
17.0,0,0
17.0,0,0
17.0,0,0
17.0,0,0
17.0,0,0
17.0,0,0
17.0,0,0
17.0,0,0
17.0,0,0
17.0,0,0
17.0,0,0
17.0,0,0
17.0,0,0
17.0,0,0
17.0,0,0
17.0,0,0
17.0,0,0
17.0,0,0
17.0,0,0
17.0,0,0
17.0,0,0
17.0,0,0
17.0,0,0
17.0,0,0
17.0,0,0
17.0,0,0
17.0,0,0
17.0,0,0
17.0,0,0
17.0,0,0
17.0,0,0
17.0,0,0
17.0,0,0
17.0,0,0
17.0,0,0
17.0,0,0
17.0,0,0
17.0,0,0
17.0,0,0
17.0,0,0
17.0,0,0
17.0,0,0
17.0,0,0
17.0,0,0
17.0,0,0
17.0,0,0
17.0,0,0
17.0,0,0
17.0,0,0
17.0,0,0
17.0,0,0
17.0,0,0
17.0,0,0
17.0,0,0
17.0,0,0
17.0,0,0
17.0,0,0
17.0,0,0
17.0,0,0
17.0,0,0
17.0,0,0
17.0,0,0
17.0,0,0
17.0,0,0
17.0,0,0
17.0,0,0
17.0,0,0
17.0,0,0
17.0,0,0
17.0,0,0
17.0,0,0
17.0,0,0
17.0,0,0
17.0,0,0
17.0,0,0
17.0,0,0
17.0,0,0
17.0,0,0
17.0,0,0
17.0,0,0
17.0,0,0
17.0,0,0
17.0,0,0
17.0,0,0
17.0,0,0
17.0,0,0
17.0,0,0
17.0,0,0
17.0,0,0
17.0,0,0
17.0,0,0
17.0,0,0
17.0,0,0
17.0,0,0
17.0,0,0
17.0,0,0
17.0,0,0
17.0,0,0
17.0,0,0
17.0,0,0
17.0,0,0
17.0,0,0
17.0,0,0
17.0,0,0
17.0,0,0
17.0,0,0
17.0,0,0
17.0,0,0
17.0,0,0
17.0,0,0
17.0,0,0
17.0,0,0
17.0,0,0
17.0,0,0
17.0,0,0
17.0,0,0
17.0,0,0
17.0,0,0
17.0,0,0
17.0,0,0
,24,86
,0,86
,28,86
17.0,0,0
17.0,0,0
17.0,0,0
17.0,0,0
17.0,0,0
17.0,0,0
17.0,0,0
17.0,0,0
17.0,0,0
17.0,0,0
17.0,0,0
17.0,0,0
17.0,0,0
17.0,0,0
17.0,0,0
17.0,0,0
17.0,0,0
17.0,0,0
17.0,0,0
17.0,0,0
17.0,0,0
17.0,0,0
17.0,0,0
17.0,0,0
17.0,0,0
17.0,0,0
17.0,0,0
17.0,0,0
17.0,0,0
,0,86
17.0,0,0
17.0,0,0
17.0,0,0
17.0,0,0
17.0,0,0
17.0,0,0
17.0,0,0
17.0,0,0
17.0,0,0
17.0,0,0
17.0,0,0
17.0,0,0
17.0,0,0
17.0,0,0
17.0,0,0
17.0,0,0
17.0,0,0
17.0,0,0
17.0,0,0
17.0,0,0
17.0,0,0
17.0,0,0
17.0,0,0
17.0,0,0
17.0,0,0
17.0,0,0
17.0,0,0
17.0,0,0
17.0,0,0
17.0,0,0
17.0,0,0
17.0,0,0
17.0,0,0
17.0,0,0
17.0,0,0
17.0,0,0
17.0,0,0
17.0,0,0
17.0,0,0
17.0,0,0
17.0,0,0
17.0,0,0
17.0,0,0
17.0,0,0
17.0,0,0
17.0,0,0
17.0,0,0
17.0,0,0
17.0,0,0
17.0,0,0
17.0,0,0
17.0,0,0
17.0,0,0
17.0,0,0
17.0,0,0
17.0,0,0
17.0,0,0
17.0,0,0
17.0,0,0
17.0,0,0
17.0,0,0
17.0,0,0
17.0,0,0
17.0,0,0
17.0,0,0
17.0,0,0
17.0,0,0
17.0,0,0
17.0,0,0
17.0,0,0
17.0,0,0
17.0,0,0
17.0,0,0
17.0,0,0
17.0,0,0
17.0,0,0
17.0,0,0
17.0,0,0
17.0,0,0
17.0,0,0
17.0,0,0
17.0,0,0
17.0,0,0
17.0,0,0
17.0,0,0
17.0,0,0
17.0,0,0
17.0,0,0
17.0,0,0
17.0,0,0
17.0,0,0
17.0,0,0
17.0,0,0
17.0,0,0
17.0,0,0
17.0,0,0
17.0,0,0
17.0,0,0
17.0,0,0
17.0,0,0
17.0,0,0
17.0,0,0
17.0,0,0
17.0,0,0
17.0,0,0
17.0,0,0
17.0,0,0
17.0,0,0
17.0,0,0
17.0,0,0
17.0,0,0
17.0,0,0
17.0,0,0
17.0,0,0
17.0,0,0
17.0,0,0
17.0,0,0
17.0,0,0
17.0,0,0
17.0,0,0
17.0,0,0
17.0,0,0
17.0,0,0
17.0,0,0
17.0,0,0
17.0,0,0
17.0,0,0
17.0,0,0
17.0,0,0
17.0,0,0
17.0,0,0
17.0,0,0
17.0,0,0
17.0,0,0
17.0,0,0
17.0,0,0
17.0,0,0
17.0,0,0
17.0,0,0
17.0,0,0
17.0,0,0
17.0,0,0
17.0,0,0
17.0,0,0
17.0,0,0
17.0,0,0
17.0,0,0
17.0,0,0
17.0,0,0
17.0,0,0
17.0,0,0
17.0,0,0
17.0,0,0
17.0,0,0
17.0,0,0
17.0,0,0
17.0,0,0
17.0,0,0
17.0,0,0
17.0,0,0
17.0,0,0
17.0,0,0
17.0,0,0
17.0,0,0
17.0,0,0
17.0,0,0
17.0,0,0
17.0,0,0
17.0,0,0
17.0,0,0
17.0,0,0
17.0,0,0
17.0,0,0
17.0,0,0
17.0,0,0
17.0,0,0
17.0,0,0
17.0,0,0
17.0,0,0
17.0,0,0
17.0,0,0
17.0,0,0
17.0,0,0
17.0,0,0
17.0,0,0
17.0,0,0
17.0,0,0
17.0,0,0
17.0,0,0
17.0,0,0
17.0,0,0
17.0,0,0
17.0,0,0
17.0,0,0
17.0,0,0
17.0,0,0
17.0,0,0
17.0,0,0
17.0,0,0
17.0,0,0
17.0,0,0
17.0,0,0
17.0,0,0
17.0,0,0
17.0,0,0
17.0,0,0
17.0,0,0
17.0,0,0
17.0,0,0
17.0,0,0
17.0,0,0
17.0,0,0
17.0,0,0
17.0,0,0
17.0,0,0
17.0,0,0
17.0,0,0
17.0,0,0
17.0,0,0
17.0,0,0
17.0,0,0
17.0,0,0
17.0,0,0
17.0,0,0
17.0,0,0
17.0,0,0
17.0,0,0
17.0,0,0
17.0,0,0
17.0,0,0
17.0,0,0
17.0,0,0
17.0,0,0
17.0,0,0
17.0,0,0
17.0,0,0
17.0,0,0
17.0,0,0
17.0,0,0
17.0,0,0
17.0,0,0
17.0,0,0
17.0,0,0
17.0,0,0
17.0,0,0
17.0,0,0
17.0,0,0
17.0,0,0
17.0,0,0
17.0,0,0
17.0,0,0
17.0,0,0
17.0,0,0
17.0,0,0
17.0,0,0
17.0,0,0
17.0,0,0
17.0,0,0
17.0,0,0
17.0,0,0
17.0,0,0
17.0,0,0
17.0,0,0
17.0,0,0
17.0,0,0
17.0,0,0
17.0,0,0
17.0,0,0
17.0,0,0
17.0,0,0
17.0,0,0
17.0,0,0
17.0,0,0
17.0,0,0
17.0,0,0
17.0,0,0
17.0,0,0
17.0,0,0
17.0,0,0
17.0,0,0
17.0,0,0
17.0,0,0
17.0,0,0
17.0,0,0
17.0,0,0
17.0,0,0
17.0,0,0
17.0,0,0
17.0,0,0
17.0,0,0
17.0,0,0
17.0,0,0
17.0,0,0
17.0,0,0
17.0,0,0
17.0,0,0
17.0,0,0
17.0,0,0
17.0,0,0
17.0,0,0
17.0,0,0
17.0,0,0
17.0,0,0
17.0,0,0
17.0,0,0
17.0,0,0
17.0,0,0
17.0,0,0
17.0,0,0
17.0,0,0
17.0,0,0
17.0,0,0
17.0,0,0
17.0,0,0
17.0,0,0
17.0,0,0
17.0,0,0
17.0,0,0
17.0,0,0
17.0,0,0
17.0,0,0
17.0,0,0
17.0,0,0
17.0,0,0
17.0,0,0
17.0,0,0
17.0,0,0
17.0,0,0
17.0,0,0
17.0,0,0
17.0,0,0
17.0,0,0
17.0,0,0
17.0,0,0
17.0,0,0
17.0,0,0
17.0,0,0
17.0,0,0
17.0,0,0
17.0,0,0
17.0,0,0
17.0,0,0
17.0,0,0
17.0,0,0
17.0,0,0
17.0,0,0
17.0,0,0
17.0,0,0
17.0,0,0
17.0,0,0
17.0,0,0
17.0,0,0
17.0,0,0
17.0,0,0
17.0,0,0
17.0,0,0
17.0,0,0
17.0,0,0
17.0,0,0
17.0,0,0
17.0,0,0
17.0,0,0
17.0,0,0
17.0,0,0
17.0,0,0
17.0,0,0
17.0,0,0
17.0,0,0
17.0,0,0
17.0,0,0
17.0,0,0
17.0,0,0
17.0,0,0
17.0,0,0
17.0,0,0
17.0,0,0
17.0,0,0
17.0,0,0
17.0,0,0
17.0,0,0
17.0,0,0
17.0,0,0
17.0,0,0
17.0,0,0
17.0,0,0
17.0,0,0
17.0,0,0
17.0,0,0
17.0,0,0
17.0,0,0
17.0,0,0
17.0,0,0
17.0,0,0
17.0,0,0
17.0,0,0
17.0,0,0
17.0,0,0
17.0,0,0
17.0,0,0
17.0,0,0
17.0,0,0
17.0,0,0
17.0,0,0
17.0,0,0
17.0,0,0
17.0,0,0
17.0,0,0
17.0,0,0
17.0,0,0
17.0,0,0
17.0,0,0
17.0,0,0
17.0,0,0
17.0,0,0
17.0,0,0
17.0,0,0
17.0,0,0
17.0,0,0
17.0,0,0
17.0,0,0
17.0,0,0
17.0,0,0
17.0,0,0
17.0,0,0
17.0,0,0
17.0,0,0
17.0,0,0
17.0,0,0
17.0,0,0
17.0,0,0
17.0,0,0
17.0,0,0
17.0,0,0
17.0,0,0
17.0,0,0
17.0,0,0
17.0,0,0
17.0,0,0
17.0,0,0
17.0,0,0
17.0,0,0
17.0,0,0
17.0,0,0
17.0,0,0
17.0,0,0
17.0,0,0
17.0,0,0
17.0,0,0
17.0,0,0
17.0,0,0
17.0,0,0
17.0,0,0
17.0,0,0
17.0,0,0
17.0,0,0
17.0,0,0
17.0,0,0
17.0,0,0
17.0,0,0
17.0,0,0
17.0,0,0
17.0,0,0
17.0,0,0
17.0,0,0
17.0,0,0
17.0,0,0
17.0,0,0
17.0,0,0
17.0,0,0
17.0,0,0
17.0,0,0
17.0,0,0
17.0,0,0
17.0,0,0
17.0,0,0
17.0,0,0
17.0,0,0
17.0,0,0
17.0,0,0
17.0,0,0
17.0,0,0
17.0,0,0
17.0,0,0
17.0,0,0
17.0,0,0
17.0,0,0
17.0,0,0
17.0,0,0
17.0,0,0
17.0,0,0
17.0,0,0
17.0,0,0
17.0,0,0
17.0,0,0
17.0,0,0
17.0,0,0
17.0,0,0
17.0,0,0
17.0,0,0
17.0,0,0
17.0,0,0
17.0,0,0
17.0,0,0
17.0,0,0
17.0,0,0
17.0,0,0
17.0,0,0
17.0,0,0
17.0,0,0
17.0,0,0
17.0,0,0
17.0,0,0
17.0,0,0
17.0,0,0
17.0,0,0
17.0,0,0
17.0,0,0
17.0,0,0
17.0,0,0
17.0,0,0
17.0,0,0
17.0,0,0
17.0,0,0
17.0,0,0
17.0,0,0
17.0,0,0
17.0,0,0
17.0,0,0
17.0,0,0
17.0,0,0
17.0,0,0
17.0,0,0
17.0,0,0
17.0,0,0
17.0,0,0
17.0,0,0
17.0,0,0
17.0,0,0
17.0,0,0
17.0,0,0
17.0,0,0
17.0,0,0
17.0,0,0
17.0,0,0
17.0,0,0
17.0,0,0
17.0,0,0
17.0,0,0
17.0,0,0
17.0,0,0
17.0,0,0
17.0,0,0
17.0,0,0
17.0,0,0
17.0,0,0
17.0,0,0
17.0,0,0
17.0,0,0
17.0,0,0
17.0,0,0
17.0,0,0
17.0,0,0
17.0,0,0
17.0,0,0
17.0,0,0
17.0,0,0
17.0,0,0
17.0,0,0
17.0,0,0
17.0,0,0
17.0,0,0
17.0,0,0
17.0,0,0
17.0,0,0
17.0,0,0
17.0,0,0
17.0,0,0
17.0,0,0
17.0,0,0
17.0,0,0
17.0,0,0
17.0,0,0
17.0,0,0
17.0,0,0
17.0,0,0
17.0,0,0
17.0,0,0
17.0,0,0
17.0,0,0
17.0,0,0
17.0,0,0
17.0,0,0
17.0,0,0
17.0,0,0
17.0,0,0
17.0,0,0
17.0,0,0
17.0,0,0
17.0,0,0
17.0,0,0
17.0,0,0
17.0,0,0
6.0,39,66
6.0,0,66
6.0,0,66
6.0,0,66
6.0,0,66
17.0,0,0
17.0,0,0
17.0,0,0
17.0,0,0
17.0,0,0
17.0,0,0
17.0,0,0
17.0,0,0
17.0,0,0
17.0,0,0
17.0,0,0
17.0,0,0
17.0,0,0
17.0,0,0
17.0,0,0
17.0,0,0
17.0,0,0
17.0,0,0
17.0,0,0
17.0,0,0
17.0,0,0
6.0,0,66
6.0,0,66
6.0,0,54
17.0,0,0
17.0,0,0
17.0,0,0
17.0,0,0
17.0,0,0
17.0,0,0
17.0,0,0
17.0,0,0
17.0,0,0
17.0,0,0
17.0,0,0
17.0,0,0
17.0,0,0
17.0,0,0
17.0,0,0
17.0,0,0
17.0,0,0
17.0,0,0
17.0,0,0
17.0,0,0
17.0,0,0
17.0,0,0
17.0,0,0
17.0,0,0
17.0,0,0
17.0,0,0
17.0,0,0
17.0,0,0
17.0,0,0
17.0,0,0
17.0,0,0
17.0,0,0
17.0,0,0
17.0,0,0
17.0,0,0
17.0,0,0
17.0,0,0
17.0,0,0
17.0,0,0
17.0,0,0
17.0,0,0
17.0,0,0
17.0,0,0
17.0,0,0
17.0,0,0
17.0,0,0
17.0,0,0
17.0,0,0
17.0,0,0
17.0,0,0
17.0,0,0
17.0,0,0
17.0,0,0
17.0,0,0
17.0,0,0
17.0,0,0
17.0,0,0
17.0,0,0
17.0,0,0
17.0,0,0
17.0,0,0
17.0,0,0
17.0,0,0
17.0,0,0
17.0,0,0
17.0,0,0
17.0,0,0
17.0,0,0
17.0,0,0
17.0,0,0
17.0,0,0
17.0,0,0
17.0,0,0
17.0,0,0
17.0,0,0
17.0,0,0
17.0,0,0
17.0,0,0
17.0,0,0
17.0,0,0
17.0,0,0
17.0,0,0
17.0,0,0
17.0,0,0
17.0,0,0
17.0,0,0
17.0,0,0
17.0,0,0
17.0,0,0
17.0,0,0
17.0,0,0
17.0,0,0
17.0,0,0
17.0,0,0
17.0,0,0
17.0,0,0
17.0,0,0
17.0,0,0
17.0,0,0
17.0,0,0
17.0,0,0
17.0,0,0
17.0,0,0
17.0,0,0
17.0,0,0
17.0,0,0
17.0,0,0
17.0,0,0
17.0,0,0
17.0,0,0
17.0,0,0
17.0,0,0
17.0,0,0
17.0,0,0
17.0,0,0
17.0,0,0
17.0,0,0
17.0,0,0
17.0,0,0
17.0,0,0
17.0,0,0
17.0,0,0
17.0,0,0
17.0,0,0
17.0,0,0
17.0,0,0
17.0,0,0
17.0,0,0
17.0,0,0
17.0,0,0
17.0,0,0
17.0,0,0
17.0,0,0
17.0,0,0
17.0,0,0
17.0,0,0
17.0,0,0
17.0,0,0
17.0,0,0
17.0,0,0
17.0,0,0
17.0,0,0
17.0,0,0
17.0,0,0
17.0,0,0
17.0,0,0
17.0,0,0
17.0,0,0
17.0,0,0
17.0,0,0
17.0,0,0
17.0,0,0
17.0,0,0
17.0,0,0
17.0,0,0
17.0,0,0
17.0,0,0
17.0,0,0
17.0,0,0
17.0,0,0
17.0,0,0
17.0,0,0
17.0,0,0
17.0,0,0
17.0,0,0
17.0,0,0
17.0,0,0
17.0,0,0
17.0,0,0
17.0,0,0
17.0,0,0
17.0,0,0
17.0,0,0
17.0,0,0
17.0,0,0
17.0,0,0
17.0,0,0
17.0,0,0
17.0,0,0
17.0,0,0
17.0,0,0
17.0,0,0
17.0,0,0
17.0,0,0
17.0,0,0
17.0,0,0
17.0,0,0
17.0,0,0
17.0,0,0
17.0,0,0
17.0,0,0
17.0,0,0
17.0,0,0
17.0,0,0
17.0,0,0
17.0,0,0
17.0,0,0
17.0,0,0
17.0,0,0
17.0,0,0
17.0,0,0
17.0,0,0
17.0,0,0
17.0,0,0
17.0,0,0
17.0,0,0
17.0,0,0
17.0,0,0
17.0,0,0
17.0,0,0
17.0,0,0
17.0,0,0
17.0,0,0
17.0,0,0
17.0,0,0
17.0,0,0
17.0,0,0
17.0,0,0
17.0,0,0
17.0,0,0
17.0,0,0
17.0,0,0
17.0,0,0
17.0,0,0
17.0,0,0
17.0,0,0
17.0,0,0
17.0,0,0
17.0,0,0
17.0,0,0
17.0,0,0
17.0,0,0
17.0,0,0
17.0,0,0
17.0,0,0
17.0,0,0
17.0,0,0
17.0,0,0
17.0,0,0
17.0,0,0
17.0,0,0
17.0,0,0
17.0,0,0
17.0,0,0
17.0,0,0
17.0,0,0
17.0,0,0
17.0,0,0
17.0,0,0
17.0,0,0
17.0,0,0
17.0,0,0
17.0,0,0
17.0,0,0
17.0,0,0
17.0,0,0
17.0,0,0
17.0,0,0
17.0,0,0
17.0,0,0
17.0,0,0
17.0,0,0
17.0,0,0
17.0,0,0
17.0,0,0
17.0,0,0
17.0,0,0
17.0,0,0
17.0,0,0
17.0,0,0
17.0,0,0
17.0,0,0
17.0,0,0
17.0,0,0
17.0,0,0
17.0,0,0
17.0,0,0
17.0,0,0
17.0,0,0
17.0,0,0
17.0,0,0
17.0,0,0
17.0,0,0
17.0,0,0
17.0,0,0
17.0,0,0
17.0,0,0
17.0,0,0
17.0,0,0
17.0,0,0
17.0,0,0
17.0,0,0
17.0,0,0
17.0,0,0
17.0,0,0
17.0,0,0
17.0,0,0
17.0,0,0
,0,0
,0,0
17.0,0,0
17.0,0,0
17.0,0,0
17.0,0,0
17.0,0,0
17.0,0,0
17.0,0,0
17.0,0,0
17.0,0,0
17.0,0,0
17.0,0,0
17.0,0,0
17.0,0,0
17.0,0,0
17.0,0,0
17.0,0,0
17.0,0,0
17.0,0,0
17.0,0,0
17.0,0,0
17.0,0,0
17.0,0,0
17.0,0,0
17.0,0,0
17.0,0,0
17.0,0,0
17.0,0,0
17.0,0,0
17.0,0,0
17.0,0,0
17.0,0,0
17.0,0,0
17.0,0,0
17.0,0,0
17.0,0,0
17.0,0,0
17.0,0,0
17.0,0,0
17.0,0,0
17.0,0,0
17.0,0,0
17.0,0,0
17.0,0,0
17.0,0,0
17.0,0,0
17.0,0,0
17.0,0,0
17.0,0,0
17.0,0,0
17.0,0,0
17.0,0,0
17.0,0,0
17.0,0,0
17.0,0,0
17.0,0,0
17.0,0,0
17.0,0,0
17.0,0,0
17.0,0,0
17.0,0,0
17.0,0,0
17.0,0,0
17.0,0,0
17.0,0,0
17.0,0,0
17.0,0,0
17.0,0,0
17.0,0,0
17.0,0,0
17.0,0,0
17.0,0,0
17.0,0,0
17.0,0,0
17.0,0,0
17.0,0,0
17.0,0,0
17.0,0,0
17.0,0,0
17.0,0,0
17.0,0,0
17.0,0,0
17.0,0,0
17.0,0,0
17.0,0,0
17.0,0,0
17.0,0,0
17.0,0,0
17.0,0,0
17.0,0,0
17.0,0,0
17.0,0,0
17.0,0,0
17.0,0,0
17.0,0,0
6.0,0,66
6.0,0,66
17.0,0,0
17.0,0,0
17.0,0,0
17.0,0,0
17.0,0,0
17.0,0,0
17.0,0,0
17.0,0,0
17.0,0,0
17.0,0,0
17.0,0,0
17.0,0,0
17.0,0,0
17.0,0,0
17.0,0,0
17.0,0,0
17.0,0,0
17.0,0,0
17.0,0,0
17.0,0,0
17.0,0,0
17.0,0,0
17.0,0,0
17.0,0,0
17.0,0,0
17.0,0,0
17.0,0,0
17.0,0,0
17.0,0,0
17.0,0,0
17.0,0,0
17.0,0,0
17.0,0,0
17.0,0,0
17.0,0,0
17.0,0,0
17.0,0,0
17.0,0,0
17.0,0,0
17.0,0,0
17.0,0,0
17.0,0,0
17.0,0,0
17.0,0,0
17.0,0,0
17.0,0,0
17.0,0,0
17.0,0,0
17.0,0,0
17.0,0,0
17.0,0,0
17.0,0,0
17.0,0,0
17.0,0,0
17.0,0,0
17.0,0,0
17.0,0,0
17.0,0,0
17.0,0,0
17.0,0,0
17.0,0,0
17.0,0,0
17.0,0,0
17.0,0,0
17.0,0,0
17.0,0,0
17.0,0,0
17.0,0,0
17.0,0,0
17.0,0,0
17.0,0,0
17.0,0,0
17.0,0,0
17.0,0,0
17.0,0,0
17.0,0,0
17.0,0,0
17.0,0,0
17.0,0,0
17.0,0,0
17.0,0,0
17.0,0,0
17.0,0,0
17.0,0,0
17.0,0,0
17.0,0,0
17.0,0,0
17.0,0,0
17.0,0,0
17.0,0,0
17.0,0,0
17.0,0,0
17.0,0,0
17.0,0,0
17.0,0,0
17.0,0,0
17.0,0,0
17.0,0,0
17.0,0,0
17.0,0,0
17.0,0,0
17.0,0,0
17.0,0,0
17.0,0,0
17.0,0,0
17.0,0,0
17.0,0,0
17.0,0,0
17.0,0,0
17.0,0,0
17.0,0,0
17.0,0,0
17.0,0,0
17.0,0,0
17.0,0,0
17.0,0,0
17.0,0,0
17.0,0,0
17.0,0,0
17.0,0,0
17.0,0,0
17.0,0,0
17.0,0,0
17.0,0,0
17.0,0,0
17.0,0,0
17.0,0,0
17.0,0,0
17.0,0,0
17.0,0,0
17.0,0,0
17.0,0,0
17.0,0,0
17.0,0,0
17.0,0,0
17.0,0,0
17.0,0,0
17.0,0,0
17.0,0,0
17.0,0,0
17.0,0,0
17.0,0,0
17.0,0,0
17.0,0,0
17.0,0,0
17.0,0,0
17.0,0,0
17.0,0,0
17.0,0,0
17.0,0,0
17.0,0,0
17.0,0,0
17.0,0,0
17.0,0,0
17.0,0,0
17.0,0,0
17.0,0,0
17.0,0,0
17.0,0,0
17.0,0,0
17.0,0,0
17.0,0,0
17.0,0,0
17.0,0,0
17.0,0,0
17.0,0,0
17.0,0,0
17.0,0,0
17.0,0,0
17.0,0,0
17.0,0,0
17.0,0,0
17.0,0,0
17.0,0,0
17.0,0,0
17.0,0,0
17.0,0,0
17.0,0,0
17.0,0,0
17.0,0,0
17.0,0,0
17.0,0,0
17.0,0,0
17.0,0,0
17.0,0,0
17.0,0,0
17.0,0,0
17.0,0,0
17.0,0,0
17.0,0,0
17.0,0,0
17.0,0,0
17.0,0,0
17.0,0,0
17.0,0,0
17.0,0,0
17.0,0,0
17.0,0,0
17.0,0,0
17.0,0,0
17.0,0,0
17.0,0,0
17.0,0,0
17.0,0,0
17.0,0,0
17.0,0,0
17.0,0,0
17.0,0,0
17.0,0,0
17.0,0,0
17.0,0,0
17.0,0,0
17.0,0,0
17.0,0,0
17.0,0,0
17.0,0,0
17.0,0,0
17.0,0,0
17.0,0,0
17.0,0,0
17.0,0,0
17.0,0,0
17.0,0,0
17.0,0,0
17.0,0,0
17.0,0,0
17.0,0,0
17.0,0,0
17.0,0,0
17.0,0,0
17.0,0,0
17.0,0,0
17.0,0,0
17.0,0,0
17.0,0,0
17.0,0,0
17.0,0,0
17.0,0,0
17.0,0,0
17.0,0,0
17.0,0,0
17.0,0,0
17.0,0,0
17.0,0,0
17.0,0,0
17.0,0,0
17.0,0,0
17.0,0,0
17.0,0,0
17.0,0,0
17.0,0,0
17.0,0,0
17.0,0,0
17.0,0,0
17.0,0,0
17.0,0,0
17.0,0,0
17.0,0,0
17.0,0,0
17.0,0,0
17.0,0,0
17.0,0,0
17.0,0,0
17.0,0,0
17.0,0,0
17.0,0,0
17.0,0,0
17.0,0,0
17.0,0,0
17.0,0,0
17.0,0,0
17.0,0,0
17.0,0,0
17.0,0,0
17.0,0,0
17.0,0,0
17.0,0,0
17.0,0,0
17.0,0,0
17.0,0,0
17.0,0,0
17.0,0,0
17.0,0,0
17.0,0,0
17.0,0,0
17.0,0,0
17.0,0,0
17.0,0,0
17.0,0,0
17.0,0,0
17.0,0,0
17.0,0,0
17.0,0,0
17.0,0,0
17.0,0,0
17.0,0,0
17.0,0,0
17.0,0,0
17.0,0,0
17.0,0,0
17.0,0,0
17.0,0,0
17.0,0,0
17.0,0,0
17.0,0,0
17.0,0,0
17.0,0,0
17.0,0,0
17.0,0,0
17.0,0,0
17.0,0,0
17.0,0,0
17.0,0,0
17.0,0,0
17.0,0,0
17.0,0,0
17.0,0,0
17.0,0,0
17.0,0,0
17.0,0,0
17.0,0,0
17.0,0,0
17.0,0,0
17.0,0,0
17.0,0,0
17.0,0,0
17.0,0,0
17.0,0,0
17.0,0,0
17.0,0,0
17.0,0,0
17.0,0,0
17.0,0,0
17.0,0,0
17.0,0,0
17.0,0,0
17.0,0,0
17.0,0,0
17.0,0,0
17.0,0,0
17.0,0,0
17.0,0,0
17.0,0,0
17.0,0,0
17.0,0,0
17.0,0,0
17.0,0,0
17.0,0,0
17.0,0,0
17.0,0,0
17.0,0,0
17.0,0,0
17.0,0,0
17.0,0,0
17.0,0,0
17.0,0,0
17.0,0,0
17.0,0,0
17.0,0,0
17.0,0,0
17.0,0,0
17.0,0,0
17.0,0,0
17.0,0,0
17.0,0,0
17.0,0,0
17.0,0,0
17.0,0,0
17.0,0,0
17.0,0,0
17.0,0,0
17.0,0,0
17.0,0,0
17.0,0,0
17.0,0,0
17.0,0,0
17.0,0,0
17.0,0,0
17.0,0,0
17.0,0,0
17.0,0,0
17.0,0,0
17.0,0,0
17.0,0,0
17.0,0,0
17.0,0,0
17.0,0,0
17.0,0,0
17.0,0,0
17.0,0,0
17.0,0,0
17.0,0,0
17.0,0,0
17.0,0,0
17.0,0,0
17.0,0,0
17.0,0,0
17.0,0,0
17.0,0,0
17.0,0,0
17.0,0,0
17.0,0,0
17.0,0,0
17.0,0,0
17.0,0,0
17.0,0,0
17.0,0,0
17.0,0,0
17.0,0,0
17.0,0,0
17.0,0,0
17.0,0,0
17.0,0,0
17.0,0,0
17.0,0,0
17.0,0,0
17.0,0,0
17.0,0,0
17.0,0,0
17.0,0,0
17.0,0,0
17.0,0,0
17.0,0,0
17.0,0,0
17.0,0,0
17.0,0,0
17.0,0,0
17.0,0,0
17.0,0,0
17.0,0,0
17.0,0,0
17.0,0,0
17.0,0,0
17.0,0,0
17.0,0,0
17.0,0,0
17.0,0,0
17.0,0,0
17.0,0,0
17.0,0,0
17.0,0,0
17.0,0,0
17.0,0,0
17.0,0,0
17.0,0,0
17.0,0,0
17.0,0,0
17.0,0,0
17.0,0,0
17.0,0,0
17.0,0,0
17.0,0,0
17.0,0,0
17.0,0,0
17.0,0,0
17.0,0,0
17.0,0,0
17.0,0,0
17.0,0,0
17.0,0,0
17.0,0,0
17.0,0,0
17.0,0,0
17.0,0,0
17.0,0,0
17.0,0,0
17.0,0,0
17.0,0,0
17.0,0,0
17.0,0,0
17.0,0,0
17.0,0,0
17.0,0,0
17.0,0,0
17.0,0,0
17.0,0,0
17.0,0,0
17.0,0,0
17.0,0,0
17.0,0,0
17.0,0,0
17.0,0,0
17.0,0,0
17.0,0,0
17.0,0,0
17.0,0,0
17.0,0,0
17.0,0,0
17.0,0,0
17.0,0,0
17.0,0,0
17.0,0,0
17.0,0,0
17.0,0,0
17.0,0,0
17.0,0,0
17.0,0,0
17.0,0,0
17.0,0,0
17.0,0,0
17.0,0,0
17.0,0,0
17.0,0,0
17.0,0,0
17.0,0,0
17.0,0,0
17.0,0,0
17.0,0,0
17.0,0,0
17.0,0,0
17.0,0,0
17.0,0,0
17.0,0,0
17.0,0,0
17.0,0,0
17.0,0,0
17.0,0,0
17.0,0,0
17.0,0,0
17.0,0,0
17.0,0,0
17.0,0,0
17.0,0,0
17.0,0,0
17.0,0,0
17.0,0,0
17.0,0,0
17.0,0,0
17.0,0,0
17.0,0,0
17.0,0,0
17.0,0,0
17.0,0,0
17.0,0,0
17.0,0,0
17.0,0,0
17.0,0,0
17.0,0,0
17.0,0,0
17.0,0,0
17.0,0,0
17.0,0,0
17.0,0,0
17.0,0,0
17.0,0,0
17.0,0,0
17.0,0,0
17.0,0,0
17.0,0,0
17.0,0,0
17.0,0,0
17.0,0,0
17.0,0,0
17.0,0,0
17.0,0,0
17.0,0,0
17.0,0,0
17.0,0,0
17.0,0,0
17.0,0,0
17.0,0,0
17.0,0,0
17.0,0,0
17.0,0,0
17.0,0,0
17.0,0,0
17.0,0,0
17.0,0,0
17.0,0,0
17.0,0,0
17.0,0,0
17.0,0,0
17.0,0,0
17.0,0,0
17.0,0,0
17.0,0,0
17.0,0,0
17.0,0,0
17.0,0,0
17.0,0,0
17.0,0,0
17.0,0,0
17.0,0,0
17.0,0,0
17.0,0,0
17.0,0,0
17.0,0,0
17.0,0,0
17.0,0,0
17.0,0,0
17.0,0,0
17.0,0,0
17.0,0,0
17.0,0,0
17.0,0,0
17.0,0,0
17.0,0,0
,0,0
17.0,0,0
17.0,0,0
17.0,0,0
17.0,0,0
17.0,0,0
17.0,0,0
17.0,0,0
17.0,0,0
17.0,0,0
17.0,0,0
17.0,0,0
17.0,0,0
17.0,0,0
17.0,0,0
17.0,0,0
17.0,0,0
17.0,0,0
17.0,0,0
17.0,0,0
17.0,0,0
17.0,0,0
17.0,0,0
17.0,0,0
17.0,0,0
17.0,0,0
17.0,0,0
17.0,0,0
17.0,0,0
17.0,0,0
17.0,0,0
17.0,0,0
17.0,0,0
17.0,0,0
17.0,0,0
17.0,0,0
17.0,0,0
17.0,0,0
17.0,0,0
17.0,0,0
17.0,0,0
17.0,0,0
17.0,0,0
17.0,0,0
17.0,0,0
17.0,0,0
17.0,0,0
17.0,0,0
17.0,0,0
17.0,0,0
17.0,0,0
17.0,0,0
17.0,0,0
17.0,0,0
17.0,0,0
17.0,0,0
17.0,0,0
17.0,0,0
17.0,0,0
17.0,0,0
17.0,0,0
17.0,0,0
17.0,0,0
17.0,0,0
17.0,0,0
17.0,0,0
17.0,0,0
17.0,0,0
17.0,0,0
17.0,0,0
17.0,0,0
17.0,0,0
17.0,0,0
17.0,0,0
17.0,0,0
17.0,0,0
17.0,0,0
17.0,0,0
17.0,0,0
17.0,0,0
17.0,0,0
17.0,0,0
17.0,0,0
17.0,0,0
17.0,0,0
17.0,0,0
17.0,0,0
17.0,0,0
17.0,0,0
17.0,0,0
17.0,0,0
17.0,0,0
17.0,0,0
17.0,0,0
17.0,0,0
17.0,0,0
17.0,0,0
17.0,0,0
17.0,0,0
17.0,0,0
17.0,0,0
17.0,0,0
17.0,0,0
17.0,0,0
17.0,0,0
17.0,0,0
17.0,0,0
17.0,0,0
17.0,0,0
17.0,0,0
17.0,0,0
17.0,0,0
17.0,0,0
17.0,0,0
17.0,0,0
17.0,0,0
17.0,0,0
17.0,0,0
17.0,0,0
17.0,0,0
17.0,0,0
17.0,0,0
17.0,0,0
17.0,0,0
17.0,0,0
17.0,0,0
17.0,0,0
17.0,0,0
17.0,0,0
17.0,0,0
17.0,0,0
17.0,0,0
17.0,0,0
17.0,0,0
17.0,0,0
17.0,0,0
17.0,0,0
17.0,0,0
17.0,0,0
17.0,0,0
17.0,0,0
17.0,0,0
17.0,0,0
17.0,0,0
17.0,0,0
17.0,0,0
17.0,0,0
17.0,0,0
17.0,0,0
17.0,0,0
17.0,0,0
17.0,0,0
17.0,0,0
17.0,0,0
17.0,0,0
17.0,0,0
17.0,0,0
17.0,0,0
17.0,0,0
17.0,0,0
17.0,0,0
17.0,0,0
17.0,0,0
17.0,0,0
17.0,0,0
17.0,0,0
17.0,0,0
17.0,0,0
17.0,0,0
17.0,0,0
17.0,0,0
17.0,0,0
17.0,0,0
17.0,0,0
17.0,0,0
17.0,0,0
17.0,0,0
17.0,0,0
17.0,0,0
17.0,0,0
17.0,0,0
17.0,0,0
17.0,0,0
17.0,0,0
17.0,0,0
17.0,0,0
17.0,0,0
17.0,0,0
17.0,0,0
17.0,0,0
17.0,0,0
17.0,0,0
17.0,0,0
17.0,0,0
17.0,0,0
17.0,0,0
17.0,0,0
17.0,0,0
17.0,0,0
17.0,0,0
17.0,0,0
17.0,0,0
17.0,0,0
17.0,0,0
17.0,0,0
17.0,0,0
17.0,0,0
17.0,0,0
17.0,0,0
17.0,0,0
17.0,0,0
17.0,0,0
17.0,0,0
17.0,0,0
17.0,0,0
17.0,0,0
17.0,0,0
17.0,0,0
17.0,0,0
17.0,0,0
17.0,0,0
17.0,0,0
17.0,0,0
17.0,0,0
17.0,0,0
17.0,0,0
17.0,0,0
17.0,0,0
17.0,0,0
17.0,0,0
17.0,0,0
17.0,0,0
17.0,0,0
17.0,0,0
17.0,0,0
17.0,0,0
17.0,0,0
17.0,0,0
17.0,0,0
17.0,0,0
17.0,0,0
17.0,0,0
17.0,0,0
17.0,0,0
17.0,0,0
17.0,0,0
17.0,0,0
17.0,0,0
17.0,0,0
17.0,0,0
17.0,0,0
17.0,0,0
17.0,0,0
17.0,0,0
17.0,0,0
17.0,0,0
17.0,0,0
17.0,0,0
17.0,0,0
17.0,0,0
17.0,0,0
17.0,0,0
17.0,0,0
17.0,0,0
17.0,0,0
17.0,0,0
17.0,0,0
17.0,0,0
17.0,0,0
17.0,0,0
17.0,0,0
17.0,0,0
17.0,0,0
17.0,0,0
17.0,0,0
17.0,0,0
17.0,0,0
17.0,0,0
17.0,0,0
17.0,0,0
17.0,0,0
17.0,0,0
17.0,0,0
17.0,0,0
17.0,0,0
17.0,0,0
17.0,0,0
17.0,0,0
17.0,0,0
17.0,0,0
17.0,0,0
17.0,0,0
17.0,0,0
17.0,0,0
17.0,0,0
17.0,0,0
17.0,0,0
17.0,0,0
17.0,0,0
17.0,0,0
17.0,0,0
17.0,0,0
17.0,0,0
17.0,0,0
17.0,0,0
17.0,0,0
17.0,0,0
17.0,0,0
17.0,0,0
17.0,0,0
17.0,0,0
17.0,0,0
17.0,0,0
17.0,0,0
17.0,0,0
17.0,0,0
17.0,0,0
17.0,0,0
17.0,0,0
17.0,0,0
17.0,0,0
17.0,0,0
17.0,0,0
17.0,0,0
17.0,0,0
17.0,0,0
17.0,0,0
17.0,0,0
17.0,0,0
17.0,0,0
17.0,0,0
17.0,0,0
17.0,0,0
17.0,0,0
17.0,0,0
17.0,0,0
17.0,0,0
17.0,0,0
17.0,0,0
17.0,0,0
17.0,0,0
17.0,0,0
17.0,0,0
17.0,0,0
17.0,0,0
17.0,0,0
17.0,0,0
17.0,0,0
17.0,0,0
17.0,0,0
17.0,0,0
17.0,0,0
17.0,0,0
17.0,0,0
17.0,0,0
17.0,0,0
17.0,0,0
17.0,0,0
17.0,0,0
17.0,0,0
17.0,0,0
17.0,0,0
17.0,0,0
17.0,0,0
17.0,0,0
17.0,0,0
17.0,0,0
17.0,0,0
17.0,0,0
17.0,0,0
17.0,0,0
17.0,0,0
17.0,0,0
17.0,0,0
17.0,0,0
17.0,0,0
17.0,0,0
17.0,0,0
17.0,0,0
17.0,0,0
17.0,0,0
17.0,0,0
17.0,0,0
17.0,0,0
17.0,0,0
17.0,0,0
17.0,0,0
17.0,0,0
17.0,0,0
17.0,0,0
17.0,0,0
17.0,0,0
17.0,0,0
17.0,0,0
17.0,0,0
17.0,0,0
17.0,0,0
17.0,0,0
17.0,0,0
17.0,0,0
17.0,0,0
17.0,0,0
17.0,0,0
17.0,0,0
17.0,0,0
17.0,0,0
17.0,0,0
17.0,0,0
17.0,0,0
17.0,0,0
17.0,0,0
17.0,0,0
17.0,0,0
17.0,0,0
17.0,0,0
17.0,0,0
17.0,0,0
17.0,0,0
17.0,0,0
17.0,0,0
17.0,0,0
17.0,0,0
17.0,0,0
17.0,0,0
17.0,0,0
17.0,0,0
17.0,0,0
17.0,0,0
17.0,0,0
17.0,0,0
17.0,0,0
17.0,0,0
17.0,0,0
17.0,0,0
17.0,0,0
17.0,0,0
17.0,0,0
17.0,0,0
17.0,0,0
17.0,0,0
17.0,0,0
17.0,0,0
17.0,0,0
17.0,0,0
17.0,0,0
17.0,0,0
17.0,0,0
17.0,0,0
17.0,0,0
17.0,0,0
17.0,0,0
17.0,0,0
17.0,0,0
17.0,0,0
17.0,0,0
17.0,0,0
17.0,0,0
17.0,0,0
17.0,0,0
17.0,0,0
17.0,0,0
17.0,0,0
17.0,0,0
17.0,0,0
17.0,0,0
17.0,0,0
17.0,0,0
17.0,0,0
17.0,0,0
17.0,0,0
17.0,0,0
17.0,0,0
17.0,0,0
17.0,0,0
17.0,0,0
17.0,0,0
17.0,0,0
17.0,0,0
17.0,0,0
17.0,0,0
17.0,0,0
17.0,0,0
17.0,0,0
17.0,0,0
17.0,0,0
17.0,0,0
17.0,0,0
17.0,0,0
17.0,0,0
17.0,0,0
17.0,0,0
17.0,0,0
17.0,0,0
17.0,0,0
17.0,0,0
17.0,0,0
17.0,0,0
17.0,0,0
17.0,0,0
17.0,0,0
17.0,0,0
17.0,0,0
17.0,0,0
17.0,0,0
17.0,0,0
17.0,0,0
17.0,0,0
17.0,0,0
17.0,0,0
17.0,0,0
17.0,0,0
17.0,0,0
17.0,0,0
17.0,0,0
17.0,0,0
17.0,0,0
17.0,0,0
17.0,0,0
17.0,0,0
17.0,0,0
17.0,0,0
17.0,0,0
17.0,0,0
17.0,0,0
17.0,0,0
17.0,0,0
17.0,0,0
17.0,0,0
17.0,0,0
17.0,0,0
17.0,0,0
17.0,0,0
17.0,0,0
17.0,0,0
17.0,0,0
17.0,0,0
17.0,0,0
17.0,0,0
17.0,0,0
17.0,0,0
17.0,0,0
17.0,0,0
17.0,0,0
17.0,0,0
17.0,0,0
17.0,0,0
17.0,0,0
17.0,0,0
17.0,0,0
17.0,0,0
17.0,0,0
17.0,0,0
17.0,0,0
17.0,0,0
17.0,0,0
17.0,0,0
17.0,0,0
17.0,0,0
17.0,0,0
17.0,0,0
17.0,0,0
17.0,0,0
17.0,0,0
17.0,0,0
17.0,0,0
17.0,0,0
17.0,0,0
17.0,0,0
17.0,0,0
17.0,0,0
17.0,0,0
17.0,0,0
17.0,0,0
17.0,0,0
17.0,0,0
17.0,0,0
17.0,0,0
17.0,0,0
17.0,0,0
17.0,0,0
17.0,0,0
17.0,0,0
17.0,0,0
17.0,0,0
17.0,0,0
17.0,0,0
17.0,0,0
17.0,0,0
17.0,0,0
17.0,0,0
17.0,0,0
17.0,0,0
17.0,0,0
17.0,0,0
17.0,0,0
17.0,0,0
17.0,0,0
17.0,0,0
17.0,0,0
17.0,0,0
17.0,0,0
17.0,0,0
17.0,0,0
17.0,0,0
17.0,0,0
17.0,0,0
17.0,0,0
17.0,0,0
17.0,0,0
17.0,0,0
17.0,0,0
17.0,0,0
17.0,0,0
17.0,0,0
17.0,0,0
17.0,0,0
17.0,0,0
17.0,0,0
17.0,0,0
17.0,0,0
17.0,0,0
17.0,0,0
17.0,0,0
17.0,0,0
17.0,0,0
17.0,0,0
17.0,0,0
17.0,0,0
17.0,0,0
17.0,0,0
17.0,0,0
17.0,0,0
17.0,0,0
17.0,0,0
17.0,0,0
17.0,0,0
17.0,0,0
17.0,0,0
17.0,0,0
17.0,0,0
17.0,0,0
17.0,0,0
17.0,0,0
17.0,0,0
17.0,0,0
17.0,0,0
17.0,0,0
17.0,0,0
17.0,0,0
,0,0
17.0,0,0
17.0,0,0
17.0,0,0
17.0,0,0
17.0,0,0
17.0,0,0
17.0,0,0
17.0,0,0
17.0,0,0
17.0,0,0
17.0,0,0
17.0,0,0
17.0,0,0
17.0,0,0
17.0,0,0
17.0,0,0
17.0,0,0
17.0,0,0
17.0,0,0
17.0,0,0
17.0,0,0
17.0,0,0
17.0,0,0
17.0,0,0
17.0,0,0
17.0,0,0
17.0,0,0
17.0,0,0
17.0,0,0
17.0,0,0
17.0,0,0
17.0,0,0
17.0,0,0
17.0,0,0
17.0,0,0
17.0,0,0
17.0,0,0
17.0,0,0
17.0,0,0
17.0,0,0
17.0,0,0
17.0,0,0
17.0,0,0
17.0,0,0
17.0,0,0
17.0,0,0
17.0,0,0
17.0,0,0
17.0,0,0
17.0,0,0
17.0,0,0
17.0,0,0
17.0,0,0
17.0,0,0
17.0,0,0
17.0,0,0
17.0,0,0
17.0,0,0
17.0,0,0
17.0,0,0
17.0,0,0
17.0,0,0
17.0,0,0
17.0,0,0
17.0,0,0
17.0,0,0
17.0,0,0
17.0,0,0
17.0,0,0
17.0,0,0
17.0,0,0
17.0,0,0
17.0,0,0
17.0,0,0
,0,0
17.0,0,0
17.0,0,0
17.0,0,0
17.0,0,0
17.0,0,0
17.0,0,0
17.0,0,0
17.0,0,0
17.0,0,0
17.0,0,0
17.0,0,0
17.0,0,0
17.0,0,0
17.0,0,0
17.0,0,0
17.0,0,0
17.0,0,0
17.0,0,0
17.0,0,0
17.0,0,0
17.0,0,0
17.0,0,0
17.0,0,0
17.0,0,0
17.0,0,0
17.0,0,0
17.0,0,0
17.0,0,0
17.0,0,0
17.0,0,0
17.0,0,0
17.0,0,0
17.0,0,0
17.0,0,0
17.0,0,0
17.0,0,0
17.0,0,0
17.0,0,0
17.0,0,0
17.0,0,0
17.0,0,0
17.0,0,0
17.0,0,0
17.0,0,0
17.0,0,0
17.0,0,0
17.0,0,0
17.0,0,0
17.0,0,0
17.0,0,0
17.0,0,0
17.0,0,0
17.0,0,0
17.0,0,0
17.0,0,0
17.0,0,0
17.0,0,0
17.0,0,0
17.0,0,0
17.0,0,0
17.0,0,0
17.0,0,0
17.0,0,0
17.0,0,0
17.0,0,0
17.0,0,0
17.0,0,0
17.0,0,0
17.0,0,0
17.0,0,0
17.0,0,0
17.0,0,0
17.0,0,0
17.0,0,0
17.0,0,0
17.0,0,0
17.0,0,0
17.0,0,0
17.0,0,0
17.0,0,0
17.0,0,0
17.0,0,0
17.0,0,0
17.0,0,0
17.0,0,0
17.0,0,0
17.0,0,0
17.0,0,0
17.0,0,0
17.0,0,0
17.0,0,0
17.0,0,0
17.0,0,0
17.0,0,0
17.0,0,0
17.0,0,0
17.0,0,0
17.0,0,0
17.0,0,0
17.0,0,0
17.0,0,0
17.0,0,0
17.0,0,0
17.0,0,0
17.0,0,0
17.0,0,0
17.0,0,0
17.0,0,0
17.0,0,0
17.0,0,0
17.0,0,0
17.0,0,0
17.0,0,0
17.0,0,0
17.0,0,0
17.0,0,0
17.0,0,0
17.0,0,0
17.0,0,0
17.0,0,0
17.0,0,0
17.0,0,0
17.0,0,0
17.0,0,0
17.0,0,0
17.0,0,0
17.0,0,0
17.0,0,0
17.0,0,0
17.0,0,0
17.0,0,0
17.0,0,0
17.0,0,0
17.0,0,0
17.0,0,0
17.0,0,0
17.0,0,0
17.0,0,0
17.0,0,0
17.0,0,0
17.0,0,0
17.0,0,0
17.0,0,0
17.0,0,0
17.0,0,0
17.0,0,0
17.0,0,0
17.0,0,0
17.0,0,0
17.0,0,0
17.0,0,0
17.0,0,0
17.0,0,0
17.0,0,0
17.0,0,0
17.0,0,0
17.0,0,0
17.0,0,0
17.0,0,0
17.0,0,0
17.0,0,0
17.0,0,0
17.0,0,0
17.0,0,0
17.0,0,0
17.0,0,0
17.0,0,0
17.0,0,0
17.0,0,0
17.0,0,0
17.0,0,0
17.0,0,0
17.0,0,0
17.0,0,0
17.0,0,0
17.0,0,0
17.0,0,0
17.0,0,0
17.0,0,0
17.0,0,0
17.0,0,0
17.0,0,0
17.0,0,0
17.0,0,0
17.0,0,0
17.0,0,0
17.0,0,0
17.0,0,0
17.0,0,0
17.0,0,0
17.0,0,0
17.0,0,0
17.0,0,0
17.0,0,0
17.0,0,0
17.0,0,0
17.0,0,0
17.0,0,0
17.0,0,0
17.0,0,0
17.0,0,0
17.0,0,0
17.0,0,0
17.0,0,0
17.0,0,0
17.0,0,0
17.0,0,0
17.0,0,0
17.0,0,0
17.0,0,0
17.0,0,0
17.0,0,0
17.0,0,0
17.0,0,0
17.0,0,0
17.0,0,0
17.0,0,0
17.0,0,0
17.0,0,0
17.0,0,0
17.0,0,0
17.0,0,0
17.0,0,0
17.0,0,0
17.0,0,0
17.0,0,0
17.0,0,0
17.0,0,0
17.0,0,0
17.0,0,0
17.0,0,0
17.0,0,0
17.0,0,0
17.0,0,0
17.0,0,0
17.0,0,0
17.0,0,0
17.0,0,0
17.0,0,0
17.0,0,0
17.0,0,0
17.0,0,0
17.0,0,0
17.0,0,0
17.0,0,0
17.0,0,0
17.0,0,0
17.0,0,0
17.0,0,0
17.0,0,0
17.0,0,0
17.0,0,0
17.0,0,0
17.0,0,0
17.0,0,0
17.0,0,0
17.0,0,0
17.0,0,0
17.0,0,0
17.0,0,0
17.0,0,0
17.0,0,0
17.0,0,0
17.0,0,0
17.0,0,0
17.0,0,0
17.0,0,0
17.0,0,0
17.0,0,0
17.0,0,0
17.0,0,0
17.0,0,0
17.0,0,0
17.0,0,0
17.0,0,0
17.0,0,0
17.0,0,0
17.0,0,0
17.0,0,0
17.0,0,0
17.0,0,0
17.0,0,0
17.0,0,0
17.0,0,0
17.0,0,0
17.0,0,0
17.0,0,0
17.0,0,0
17.0,0,0
17.0,0,0
17.0,0,0
17.0,0,0
17.0,0,0
17.0,0,0
17.0,0,0
17.0,0,0
17.0,0,0
17.0,0,0
17.0,0,0
17.0,0,0
17.0,0,0
17.0,0,0
17.0,0,0
17.0,0,0
17.0,0,0
17.0,0,0
17.0,0,0
17.0,0,0
17.0,0,0
17.0,0,0
17.0,0,0
17.0,0,0
17.0,0,0
17.0,0,0
17.0,0,0
17.0,0,0
17.0,0,0
17.0,0,0
17.0,0,0
17.0,0,0
17.0,0,0
17.0,0,0
17.0,0,0
17.0,0,0
17.0,0,0
17.0,0,0
17.0,0,0
17.0,0,0
17.0,0,0
17.0,0,0
17.0,0,0
17.0,0,0
17.0,0,0
17.0,0,0
17.0,0,0
17.0,0,0
17.0,0,0
17.0,0,0
17.0,0,0
17.0,0,0
17.0,0,0
17.0,0,0
17.0,0,0
17.0,0,0
17.0,0,0
17.0,0,0
17.0,0,0
17.0,0,0
17.0,0,0
17.0,0,0
17.0,0,0
17.0,0,0
17.0,0,0
17.0,0,0
17.0,0,0
17.0,0,0
17.0,0,0
17.0,0,0
17.0,0,0
17.0,0,0
17.0,0,0
17.0,0,0
17.0,0,0
17.0,0,0
17.0,0,0
17.0,0,0
17.0,0,0
17.0,0,0
17.0,0,0
17.0,0,0
17.0,0,0
17.0,0,0
17.0,0,0
17.0,0,0
17.0,0,0
17.0,0,0
17.0,0,0
17.0,0,0
17.0,0,0
17.0,0,0
17.0,0,0
17.0,0,0
17.0,0,0
17.0,0,0
17.0,0,0
17.0,0,0
17.0,0,0
17.0,0,0
17.0,0,0
17.0,0,0
17.0,0,0
17.0,0,0
17.0,0,0
17.0,0,0
17.0,0,0
17.0,0,0
17.0,0,0
17.0,0,0
17.0,0,0
17.0,0,0
17.0,0,0
17.0,0,0
17.0,0,0
17.0,0,0
17.0,0,0
17.0,0,0
17.0,0,0
17.0,0,0
17.0,0,0
17.0,0,0
17.0,0,0
17.0,0,0
17.0,0,0
17.0,0,0
17.0,0,0
17.0,0,0
17.0,0,0
17.0,0,0
17.0,0,0
17.0,0,0
17.0,0,0
17.0,0,0
17.0,0,0
17.0,0,0
17.0,0,0
17.0,0,0
17.0,0,0
17.0,0,0
17.0,0,0
17.0,0,0
17.0,0,0
17.0,0,0
17.0,0,0
17.0,0,0
17.0,0,0
17.0,0,0
17.0,0,0
17.0,0,0
17.0,0,0
17.0,0,0
17.0,0,0
17.0,0,0
17.0,0,0
17.0,0,0
17.0,0,0
17.0,0,0
17.0,0,0
17.0,0,0
17.0,0,0
17.0,0,0
17.0,0,0
17.0,0,0
17.0,0,0
17.0,0,0
17.0,0,0
17.0,0,0
17.0,0,0
17.0,0,0
17.0,0,0
17.0,0,0
17.0,0,0
17.0,0,0
17.0,0,0
17.0,0,0
17.0,0,0
17.0,0,0
17.0,0,0
17.0,0,0
17.0,0,0
17.0,0,0
17.0,0,0
17.0,0,0
17.0,0,0
17.0,0,0
17.0,0,0
17.0,0,0
17.0,0,0
17.0,0,0
17.0,0,0
17.0,0,0
17.0,0,0
17.0,0,0
17.0,0,0
17.0,0,0
17.0,0,0
17.0,0,0
17.0,0,0
17.0,0,0
17.0,0,0
17.0,0,0
17.0,0,0
17.0,0,0
17.0,0,0
17.0,0,0
17.0,0,0
17.0,0,0
17.0,0,0
17.0,0,0
17.0,0,0
17.0,0,0
17.0,0,0
17.0,0,0
17.0,0,0
17.0,0,0
17.0,0,0
17.0,0,0
17.0,0,0
17.0,0,0
17.0,0,0
17.0,0,0
17.0,0,0
17.0,0,0
17.0,0,0
17.0,0,0
17.0,0,0
17.0,0,0
17.0,0,0
17.0,0,0
17.0,0,0
17.0,0,0
17.0,0,0
17.0,0,0
17.0,0,0
17.0,0,0
17.0,0,0
17.0,0,0
17.0,0,0
17.0,0,0
17.0,0,0
17.0,0,0
17.0,0,0
17.0,0,0
17.0,0,0
17.0,0,0
17.0,0,0
17.0,0,0
17.0,0,0
17.0,0,0
17.0,0,0
17.0,0,0
17.0,0,0
17.0,0,0
17.0,0,0
17.0,0,0
17.0,0,0
17.0,0,0
17.0,0,0
17.0,0,0
17.0,0,0
17.0,0,0
17.0,0,0
17.0,0,0
17.0,0,0
17.0,0,0
17.0,0,0
17.0,0,0
17.0,0,0
17.0,0,0
17.0,0,0
17.0,0,0
17.0,0,0
17.0,0,0
17.0,0,0
17.0,0,0
17.0,0,0
17.0,0,0
17.0,0,0
17.0,0,0
17.0,0,0
17.0,0,0
17.0,0,0
17.0,0,0
17.0,0,0
17.0,0,0
17.0,0,0
17.0,0,0
17.0,0,0
17.0,0,0
17.0,0,0
17.0,0,0
17.0,0,0
17.0,0,0
17.0,0,0
17.0,0,0
17.0,0,0
17.0,0,0
17.0,0,0
17.0,0,0
17.0,0,0
17.0,0,0
17.0,0,0
17.0,0,0
17.0,0,0
17.0,0,0
17.0,0,0
17.0,0,0
17.0,0,0
17.0,0,0
17.0,0,0
17.0,0,0
17.0,0,0
17.0,0,0
17.0,0,0
17.0,0,0
17.0,0,0
17.0,0,0
17.0,0,0
17.0,0,0
17.0,0,0
17.0,0,0
17.0,0,0
17.0,0,0
17.0,0,0
17.0,0,0
17.0,0,0
17.0,0,0
17.0,0,0
17.0,0,0
17.0,0,0
17.0,0,0
17.0,0,0
17.0,0,0
17.0,0,0
17.0,0,0
17.0,0,0
17.0,0,0
17.0,0,0
17.0,0,0
17.0,0,0
17.0,0,0
17.0,0,0
17.0,0,0
17.0,0,0
17.0,0,0
17.0,0,0
17.0,0,0
17.0,0,0
17.0,0,0
17.0,0,0
17.0,0,0
17.0,0,0
17.0,0,0
17.0,0,0
17.0,0,0
17.0,0,0
17.0,0,0
17.0,0,0
17.0,0,0
17.0,0,0
17.0,0,0
17.0,0,0
17.0,0,0
17.0,0,0
17.0,0,0
17.0,0,0
17.0,0,0
17.0,0,0
17.0,0,0
17.0,0,0
17.0,0,0
17.0,0,0
17.0,0,0
17.0,0,0
17.0,0,0
17.0,0,0
17.0,0,0
17.0,0,0
17.0,0,0
17.0,0,0
17.0,0,0
17.0,0,0
17.0,0,0
17.0,0,0
17.0,0,0
17.0,0,0
17.0,0,0
17.0,0,0
17.0,0,0
17.0,0,0
17.0,0,0
17.0,0,0
17.0,0,0
17.0,0,0
17.0,0,0
17.0,0,0
17.0,0,0
17.0,0,0
17.0,0,0
17.0,0,0
17.0,0,0
17.0,0,0
17.0,0,0
17.0,0,0
17.0,0,0
17.0,0,0
17.0,0,0
17.0,0,0
17.0,0,0
17.0,0,0
17.0,0,0
17.0,0,0
17.0,0,0
17.0,0,0
17.0,0,0
17.0,0,0
17.0,0,0
17.0,0,0
17.0,0,0
17.0,0,0
17.0,0,0
17.0,0,0
17.0,0,0
17.0,0,0
17.0,0,0
17.0,0,0
17.0,0,0
17.0,0,0
17.0,0,0
17.0,0,0
17.0,0,0
17.0,0,0
17.0,0,0
17.0,0,0
17.0,0,0
17.0,0,0
17.0,0,0
17.0,0,0
17.0,0,0
17.0,0,0
17.0,0,0
17.0,0,0
17.0,0,0
17.0,0,0
17.0,0,0
17.0,0,0
17.0,0,0
17.0,0,0
17.0,0,0
17.0,0,0
17.0,0,0
17.0,0,0
17.0,0,0
17.0,0,0
17.0,0,0
17.0,0,0
17.0,0,0
17.0,0,0
17.0,0,0
17.0,0,0
17.0,0,0
17.0,0,0
17.0,0,0
17.0,0,0
17.0,0,0
17.0,0,0
17.0,0,0
17.0,0,0
17.0,0,0
17.0,0,0
17.0,0,0
17.0,0,0
17.0,0,0
17.0,0,0
17.0,0,0
17.0,0,0
17.0,0,0
17.0,0,0
17.0,0,0
17.0,0,0
17.0,0,0
17.0,0,0
17.0,0,0
17.0,0,0
17.0,0,0
17.0,0,0
17.0,0,0
17.0,0,0
17.0,0,0
17.0,0,0
17.0,0,0
17.0,0,0
17.0,0,0
17.0,0,0
17.0,0,0
17.0,0,0
17.0,0,0
17.0,0,0
17.0,0,0
17.0,0,0
17.0,0,0
17.0,0,0
17.0,0,0
17.0,0,0
17.0,0,0
17.0,0,0
17.0,0,0
17.0,0,0
17.0,0,0
17.0,0,0
17.0,0,0
17.0,0,0
17.0,0,0
17.0,0,0
17.0,0,0
17.0,0,0
17.0,0,0
17.0,0,0
17.0,0,0
17.0,0,0
17.0,0,0
17.0,0,0
17.0,0,0
17.0,0,0
17.0,0,0
17.0,0,0
17.0,0,0
17.0,0,0
17.0,0,0
17.0,0,0
17.0,0,0
17.0,0,0
17.0,0,0
17.0,0,0
17.0,0,0
17.0,0,0
17.0,0,0
17.0,0,0
17.0,0,0
17.0,0,0
17.0,0,0
17.0,0,0
17.0,0,0
17.0,0,0
17.0,0,0
17.0,0,0
17.0,0,0
17.0,0,0
17.0,0,0
17.0,0,0
17.0,0,0
17.0,0,0
17.0,0,0
17.0,0,0
17.0,0,0
17.0,0,0
17.0,0,0
17.0,0,0
17.0,0,0
17.0,0,0
17.0,0,0
17.0,0,0
17.0,0,0
17.0,0,0
17.0,0,0
17.0,0,0
17.0,0,0
17.0,0,0
17.0,0,0
17.0,0,0
17.0,0,0
17.0,0,0
17.0,0,0
17.0,0,0
17.0,0,0
17.0,0,0
17.0,0,0
17.0,0,0
17.0,0,0
17.0,0,0
17.0,0,0
17.0,0,0
17.0,0,0
17.0,0,0
17.0,0,0
17.0,0,0
17.0,0,0
17.0,0,0
17.0,0,0
17.0,0,0
17.0,0,0
17.0,0,0
17.0,0,0
17.0,0,0
17.0,0,0
17.0,0,0
17.0,0,0
17.0,0,0
17.0,0,0
17.0,0,0
17.0,0,0
17.0,0,0
17.0,0,0
17.0,0,0
17.0,0,0
17.0,0,0
17.0,0,0
17.0,0,0
17.0,0,0
17.0,0,0
17.0,0,0
17.0,0,0
17.0,0,0
17.0,0,0
17.0,0,0
17.0,0,0
17.0,0,0
17.0,0,0
17.0,0,0
17.0,0,0
17.0,0,0
17.0,0,0
17.0,0,0
17.0,0,0
17.0,0,0
17.0,0,0
17.0,0,0
17.0,0,0
17.0,0,0
17.0,0,0
17.0,0,0
17.0,0,0
17.0,0,0
17.0,0,0
17.0,0,0
17.0,0,0
17.0,0,0
17.0,0,0
17.0,0,0
17.0,0,0
17.0,0,0
17.0,0,0
17.0,0,0
17.0,0,0
17.0,0,0
17.0,0,0
17.0,0,0
17.0,0,0
17.0,0,0
17.0,0,0
17.0,0,0
17.0,0,0
17.0,0,0
17.0,0,0
17.0,0,0
17.0,0,0
17.0,0,0
17.0,0,0
17.0,0,0
17.0,0,0
17.0,0,0
17.0,0,0
17.0,0,0
17.0,0,0
17.0,0,0
17.0,0,0
17.0,0,0
17.0,0,0
17.0,0,0
17.0,0,0
17.0,0,0
17.0,0,0
17.0,0,0
17.0,0,0
17.0,0,0
17.0,0,0
17.0,0,0
17.0,0,0
17.0,0,0
17.0,0,0
17.0,0,0
17.0,0,0
17.0,0,0
17.0,0,0
17.0,0,0
17.0,0,0
17.0,0,0
17.0,0,0
17.0,0,0
17.0,0,0
17.0,0,0
17.0,0,0
17.0,0,0
17.0,0,0
17.0,0,0
17.0,0,0
17.0,0,0
17.0,0,0
17.0,0,0
17.0,0,0
17.0,0,0
17.0,0,0
17.0,0,0
17.0,0,0
17.0,0,0
17.0,0,0
17.0,0,0
17.0,0,0
17.0,0,0
17.0,0,0
17.0,0,0
17.0,0,0
17.0,0,0
17.0,0,0
17.0,0,0
17.0,0,0
17.0,0,0
17.0,0,0
17.0,0,0
17.0,0,0
17.0,0,0
17.0,0,0
17.0,0,0
17.0,0,0
17.0,0,0
17.0,0,0
17.0,0,0
17.0,0,0
17.0,0,0
17.0,0,0
17.0,0,0
17.0,0,0
17.0,0,0
17.0,0,0
17.0,0,0
17.0,0,0
17.0,0,0
17.0,0,0
17.0,0,0
17.0,0,0
17.0,0,0
17.0,0,0
17.0,0,0
17.0,0,0
17.0,0,0
17.0,0,0
17.0,0,0
17.0,0,0
17.0,0,0
17.0,0,0
17.0,0,0
17.0,0,0
17.0,0,0
17.0,0,0
17.0,0,0
17.0,0,0
17.0,0,0
17.0,0,0
17.0,0,0
17.0,0,0
17.0,0,0
17.0,0,0
17.0,0,0
17.0,0,0
17.0,0,0
17.0,0,0
17.0,0,0
17.0,0,0
17.0,0,0
17.0,0,0
17.0,0,0
17.0,0,0
17.0,0,0
17.0,0,0
17.0,0,0
17.0,0,0
17.0,0,0
17.0,0,0
17.0,0,0
17.0,0,0
17.0,0,0
17.0,0,0
17.0,0,0
17.0,0,0
17.0,0,0
17.0,0,0
17.0,0,0
17.0,0,0
17.0,0,0
17.0,0,0
17.0,0,0
17.0,0,0
17.0,0,0
17.0,0,0
17.0,0,0
17.0,0,0
17.0,0,0
17.0,0,0
17.0,0,0
17.0,0,0
17.0,0,0
17.0,0,0
17.0,0,0
17.0,0,0
17.0,0,0
17.0,0,0
17.0,0,0
17.0,0,0
17.0,0,0
17.0,0,0
17.0,0,0
17.0,0,0
17.0,0,0
17.0,0,0
17.0,0,0
17.0,0,0
17.0,0,0
17.0,0,0
17.0,0,0
17.0,0,0
17.0,0,0
17.0,0,0
17.0,0,0
17.0,0,0
17.0,0,0
17.0,0,0
17.0,0,0
17.0,0,0
17.0,0,0
17.0,0,0
17.0,0,0
17.0,0,0
17.0,0,0
17.0,0,0
17.0,0,0
17.0,0,0
17.0,0,0
17.0,0,0
17.0,0,0
17.0,0,0
17.0,0,0
17.0,0,0
17.0,0,0
17.0,0,0
17.0,0,0
17.0,0,0
17.0,0,0
17.0,0,0
17.0,0,0
17.0,0,0
17.0,0,0
17.0,0,0
17.0,0,0
17.0,0,0
17.0,0,0
17.0,0,0
17.0,0,0
17.0,0,0
17.0,0,0
17.0,0,0
17.0,0,0
17.0,0,0
17.0,0,0
17.0,0,0
17.0,0,0
17.0,0,0
17.0,0,0
17.0,0,0
17.0,0,0
17.0,0,0
17.0,0,0
17.0,0,0
17.0,0,0
17.0,0,0
17.0,0,0
17.0,0,0
17.0,0,0
17.0,0,0
17.0,0,0
17.0,0,0
17.0,0,0
17.0,0,0
17.0,0,0
17.0,0,0
17.0,0,0
17.0,0,0
17.0,0,0
17.0,0,0
17.0,0,0
17.0,0,0
17.0,0,0
17.0,0,0
17.0,0,0
17.0,0,0
17.0,0,0
17.0,0,0
17.0,0,0
17.0,0,0
17.0,0,0
17.0,0,0
17.0,0,0
17.0,0,0
17.0,0,0
17.0,0,0
17.0,0,0
17.0,0,0
17.0,0,0
17.0,0,0
17.0,0,0
17.0,0,0
17.0,0,0
17.0,0,0
17.0,0,0
17.0,0,0
17.0,0,0
17.0,0,0
17.0,0,0
17.0,0,0
17.0,0,0
17.0,0,0
17.0,0,0
17.0,0,0
17.0,0,0
17.0,0,0
17.0,0,0
17.0,0,0
17.0,0,0
17.0,0,0
17.0,0,0
17.0,0,0
17.0,0,0
17.0,0,0
17.0,0,0
17.0,0,0
17.0,0,0
17.0,0,0
17.0,0,0
17.0,0,0
17.0,0,0
17.0,0,0
17.0,0,0
17.0,0,0
17.0,0,0
17.0,0,0
17.0,0,0
17.0,0,0
17.0,0,0
17.0,0,0
17.0,0,0
17.0,0,0
17.0,0,0
17.0,0,0
17.0,0,0
17.0,0,0
17.0,0,0
17.0,0,0
17.0,0,0
17.0,0,0
17.0,0,0
17.0,0,0
17.0,0,0
17.0,0,0
17.0,0,0
17.0,0,0
17.0,0,0
17.0,0,0
17.0,0,0
17.0,0,0
17.0,0,0
17.0,0,0
17.0,0,0
17.0,0,0
17.0,0,0
17.0,0,0
17.0,0,0
17.0,0,0
17.0,0,0
17.0,0,0
17.0,0,0
17.0,0,0
17.0,0,0
17.0,0,0
17.0,0,0
17.0,0,0
17.0,0,0
17.0,0,0
17.0,0,0
17.0,0,0
17.0,0,0
17.0,0,0
17.0,0,0
17.0,0,0
17.0,0,0
17.0,0,0
17.0,0,0
17.0,0,0
17.0,0,0
17.0,0,0
17.0,0,0
17.0,0,0
17.0,0,0
17.0,0,0
17.0,0,0
17.0,0,0
17.0,0,0
17.0,0,0
17.0,0,0
17.0,0,0
17.0,0,0
17.0,0,0
17.0,0,0
17.0,0,0
17.0,0,0
17.0,0,0
17.0,0,0
17.0,0,0
17.0,0,0
17.0,0,0
17.0,0,0
17.0,0,0
17.0,0,0
17.0,0,0
17.0,0,0
17.0,0,0
17.0,0,0
17.0,0,0
17.0,0,0
17.0,0,0
,58,74
17.0,0,0
17.0,0,0
17.0,0,0
17.0,0,0
17.0,0,0
17.0,0,0
17.0,0,0
17.0,0,0
17.0,0,0
17.0,0,0
17.0,0,0
17.0,0,0
17.0,0,0
17.0,0,0
17.0,0,0
17.0,0,0
17.0,0,0
17.0,0,0
17.0,0,0
17.0,0,0
17.0,0,0
17.0,0,0
17.0,0,0
17.0,0,0
17.0,0,0
17.0,0,0
17.0,0,0
17.0,0,0
17.0,0,0
17.0,0,0
17.0,0,0
17.0,0,0
17.0,0,0
17.0,0,0
17.0,0,0
17.0,0,0
17.0,0,0
17.0,0,0
17.0,0,0
17.0,0,0
17.0,0,0
17.0,0,0
17.0,0,0
17.0,0,0
17.0,0,0
,47,74
,0,74
17.0,0,0
17.0,0,0
17.0,0,0
17.0,0,0
17.0,0,0
17.0,0,0
17.0,0,0
17.0,0,0
17.0,0,0
17.0,0,0
17.0,0,0
17.0,0,0
17.0,0,0
17.0,0,0
17.0,0,0
17.0,0,0
17.0,0,0
17.0,0,0
17.0,0,0
17.0,0,0
17.0,0,0
17.0,0,0
17.0,0,0
17.0,0,0
17.0,0,0
17.0,0,0
17.0,0,0
17.0,0,0
17.0,0,0
17.0,0,0
17.0,0,0
17.0,0,0
17.0,0,0
17.0,0,0
17.0,0,0
17.0,0,0
17.0,0,0
17.0,0,0
17.0,0,0
17.0,0,0
17.0,0,0
17.0,0,0
17.0,0,0
17.0,0,0
17.0,0,0
17.0,0,0
17.0,0,0
17.0,0,0
17.0,0,0
17.0,0,0
17.0,0,0
17.0,0,0
17.0,0,0
17.0,0,0
17.0,0,0
17.0,0,0
17.0,0,0
17.0,0,0
17.0,0,0
17.0,0,0
17.0,0,0
17.0,0,0
17.0,0,0
17.0,0,0
17.0,0,0
17.0,0,0
17.0,0,0
17.0,0,0
17.0,0,0
17.0,0,0
17.0,0,0
17.0,0,0
17.0,0,0
17.0,0,0
17.0,0,0
17.0,0,0
17.0,0,0
17.0,0,0
17.0,0,0
17.0,0,0
17.0,0,0
17.0,0,0
17.0,0,0
17.0,0,0
17.0,0,0
17.0,0,0
17.0,0,0
17.0,0,0
17.0,0,0
17.0,0,0
17.0,0,0
17.0,0,0
17.0,0,0
17.0,0,0
17.0,0,0
17.0,0,0
17.0,0,0
17.0,0,0
17.0,0,0
17.0,0,0
17.0,0,0
17.0,0,0
17.0,0,0
17.0,0,0
17.0,0,0
17.0,0,0
17.0,0,0
17.0,0,0
17.0,0,0
17.0,0,0
17.0,0,0
17.0,0,0
17.0,0,0
17.0,0,0
17.0,0,0
17.0,0,0
17.0,0,0
17.0,0,0
17.0,0,0
17.0,0,0
17.0,0,0
17.0,0,0
17.0,0,0
17.0,0,0
17.0,0,0
17.0,0,0
17.0,0,0
17.0,0,0
17.0,0,0
17.0,0,0
17.0,0,0
17.0,0,0
17.0,0,0
17.0,0,0
17.0,0,0
17.0,0,0
17.0,0,0
17.0,0,0
17.0,0,0
17.0,0,0
17.0,0,0
17.0,0,0
17.0,0,0
17.0,0,0
17.0,0,0
17.0,0,0
17.0,0,0
17.0,0,0
17.0,0,0
17.0,0,0
17.0,0,0
17.0,0,0
17.0,0,0
17.0,0,0
17.0,0,0
17.0,0,0
17.0,0,0
17.0,0,0
17.0,0,0
17.0,0,0
17.0,0,0
17.0,0,0
17.0,0,0
17.0,0,0
17.0,0,0
17.0,0,0
17.0,0,0
17.0,0,0
17.0,0,0
17.0,0,0
17.0,0,0
17.0,0,0
17.0,0,0
17.0,0,0
17.0,0,0
17.0,0,0
17.0,0,0
17.0,0,0
17.0,0,0
17.0,0,0
17.0,0,0
17.0,0,0
17.0,0,0
17.0,0,0
17.0,0,0
17.0,0,0
17.0,0,0
17.0,0,0
17.0,0,0
17.0,0,0
17.0,0,0
17.0,0,0
17.0,0,0
17.0,0,0
17.0,0,0
17.0,0,0
17.0,0,0
17.0,0,0
17.0,0,0
17.0,0,0
17.0,0,0
17.0,0,0
17.0,0,0
17.0,0,0
17.0,0,0
17.0,0,0
17.0,0,0
17.0,0,0
17.0,0,0
17.0,0,0
17.0,0,0
17.0,0,0
17.0,0,0
17.0,0,0
17.0,0,0
17.0,0,0
17.0,0,0
17.0,0,0
17.0,0,0
17.0,0,0
17.0,0,0
17.0,0,0
17.0,0,0
17.0,0,0
17.0,0,0
17.0,0,0
17.0,0,0
17.0,0,0
17.0,0,0
17.0,0,0
17.0,0,0
17.0,0,0
17.0,0,0
17.0,0,0
17.0,0,0
17.0,0,0
17.0,0,0
17.0,0,0
17.0,0,0
17.0,0,0
17.0,0,0
17.0,0,0
17.0,0,0
17.0,0,0
17.0,0,0
17.0,0,0
17.0,0,0
17.0,0,0
17.0,0,0
17.0,0,0
17.0,0,0
17.0,0,0
17.0,0,0
17.0,0,0
17.0,0,0
17.0,0,0
17.0,0,0
17.0,0,0
17.0,0,0
17.0,0,0
17.0,0,0
17.0,0,0
17.0,0,0
17.0,0,0
17.0,0,0
17.0,0,0
17.0,0,0
17.0,0,0
17.0,0,0
17.0,0,0
17.0,0,0
17.0,0,0
17.0,0,0
17.0,0,0
17.0,0,0
17.0,0,0
17.0,0,0
17.0,0,0
17.0,0,0
17.0,0,0
17.0,0,0
17.0,0,0
17.0,0,0
17.0,0,0
17.0,0,0
17.0,0,0
17.0,0,0
17.0,0,0
17.0,0,0
17.0,0,0
17.0,0,0
17.0,0,0
17.0,0,0
17.0,0,0
17.0,0,0
17.0,0,0
17.0,0,0
17.0,0,0
17.0,0,0
17.0,0,0
17.0,0,0
17.0,0,0
17.0,0,0
17.0,0,0
17.0,0,0
17.0,0,0
17.0,0,0
17.0,0,0
17.0,0,0
17.0,0,0
17.0,0,0
17.0,0,0
17.0,0,0
17.0,0,0
17.0,0,0
17.0,0,0
17.0,0,0
17.0,0,0
17.0,0,0
17.0,0,0
17.0,0,0
17.0,0,0
17.0,0,0
17.0,0,0
17.0,0,0
17.0,0,0
17.0,0,0
17.0,0,0
17.0,0,0
17.0,0,0
17.0,0,0
17.0,0,0
17.0,0,0
17.0,0,0
17.0,0,0
17.0,0,0
17.0,0,0
17.0,0,0
17.0,0,0
17.0,0,0
17.0,0,0
17.0,0,0
17.0,0,0
17.0,0,0
17.0,0,0
17.0,0,0
17.0,0,0
17.0,0,0
17.0,0,0
17.0,0,0
17.0,0,0
17.0,0,0
17.0,0,0
17.0,0,0
17.0,0,0
17.0,0,0
17.0,0,0
17.0,0,0
17.0,0,0
17.0,0,0
17.0,0,0
17.0,0,0
17.0,0,0
17.0,0,0
17.0,0,0
17.0,0,0
17.0,0,0
17.0,0,0
17.0,0,0
17.0,0,0
17.0,0,0
17.0,0,0
17.0,0,0
17.0,0,0
17.0,0,0
17.0,0,0
17.0,0,0
17.0,0,0
17.0,0,0
17.0,0,0
17.0,0,0
17.0,0,0
17.0,0,0
17.0,0,0
17.0,0,0
17.0,0,0
17.0,0,0
17.0,0,0
17.0,0,0
17.0,0,0
17.0,0,0
17.0,0,0
17.0,0,0
17.0,0,0
17.0,0,0
17.0,0,0
17.0,0,0
17.0,0,0
17.0,0,0
17.0,0,0
17.0,0,0
17.0,0,0
17.0,0,0
17.0,0,0
17.0,0,0
17.0,0,0
17.0,0,0
17.0,0,0
17.0,0,0
17.0,0,0
17.0,0,0
17.0,0,0
17.0,0,0
17.0,0,0
17.0,0,0
17.0,0,0
17.0,0,0
17.0,0,0
17.0,0,0
17.0,0,0
17.0,0,0
17.0,0,0
17.0,0,0
17.0,0,0
17.0,0,0
17.0,0,0
17.0,0,0
17.0,0,0
17.0,0,0
17.0,0,0
17.0,0,0
17.0,0,0
17.0,0,0
17.0,0,0
17.0,0,0
17.0,0,0
17.0,0,0
17.0,0,0
17.0,0,0
17.0,0,0
17.0,0,0
17.0,0,0
17.0,0,0
17.0,0,0
17.0,0,0
17.0,0,0
17.0,0,0
17.0,0,0
17.0,0,0
17.0,0,0
17.0,0,0
17.0,0,0
17.0,0,0
17.0,0,0
17.0,0,0
17.0,0,0
17.0,0,0
17.0,0,0
17.0,0,0
17.0,0,0
17.0,0,0
17.0,0,0
17.0,0,0
17.0,0,0
17.0,0,0
17.0,0,0
17.0,0,0
17.0,0,0
17.0,0,0
17.0,0,0
17.0,0,0
17.0,0,0
17.0,0,0
17.0,0,0
17.0,0,0
17.0,0,0
17.0,0,0
17.0,0,0
17.0,0,0
17.0,0,0
17.0,0,0
17.0,0,0
17.0,0,0
17.0,0,0
17.0,0,0
17.0,0,0
17.0,0,0
17.0,0,0
17.0,0,0
17.0,0,0
17.0,0,0
17.0,0,0
17.0,0,0
17.0,0,0
17.0,0,0
17.0,0,0
17.0,0,0
17.0,0,0
17.0,0,0
17.0,0,0
17.0,0,0
17.0,0,0
17.0,0,0
17.0,0,0
17.0,0,0
17.0,0,0
17.0,0,0
17.0,0,0
17.0,0,0
17.0,0,0
17.0,0,0
17.0,0,0
17.0,0,0
17.0,0,0
17.0,0,0
17.0,0,0
17.0,0,0
17.0,0,0
17.0,0,0
17.0,0,0
17.0,0,0
17.0,0,0
17.0,0,0
17.0,0,0
17.0,0,0
17.0,0,0
17.0,0,0
17.0,0,0
17.0,0,0
17.0,0,0
17.0,0,0
17.0,0,0
17.0,0,0
17.0,0,0
17.0,0,0
17.0,0,0
17.0,0,0
17.0,0,0
17.0,0,0
17.0,0,0
17.0,0,0
17.0,0,0
17.0,0,0
17.0,0,0
17.0,0,0
17.0,0,0
17.0,0,0
17.0,0,0
17.0,0,0
17.0,0,0
17.0,0,0
17.0,0,0
17.0,0,0
17.0,0,0
17.0,0,0
17.0,0,0
17.0,0,0
17.0,0,0
17.0,0,0
17.0,0,0
17.0,0,0
17.0,0,0
17.0,0,0
17.0,0,0
17.0,0,0
17.0,0,0
17.0,0,0
17.0,0,0
17.0,0,0
17.0,0,0
17.0,0,0
17.0,0,0
17.0,0,0
17.0,0,0
17.0,0,0
17.0,0,0
17.0,0,0
17.0,0,0
17.0,0,0
17.0,0,0
17.0,0,0
17.0,0,0
17.0,0,0
17.0,0,0
17.0,0,0
17.0,0,0
17.0,0,0
17.0,0,0
17.0,0,0
17.0,0,0
17.0,0,0
17.0,0,0
17.0,0,0
17.0,0,0
17.0,0,0
17.0,0,0
17.0,0,0
17.0,0,0
17.0,0,0
17.0,0,0
17.0,0,0
17.0,0,0
17.0,0,0
17.0,0,0
17.0,0,0
17.0,0,0
17.0,0,0
17.0,0,0
17.0,0,0
17.0,0,0
17.0,0,0
17.0,0,0
17.0,0,0
17.0,0,0
17.0,0,0
17.0,0,0
17.0,0,0
17.0,0,0
17.0,0,0
17.0,0,0
17.0,0,0
17.0,0,0
17.0,0,0
17.0,0,0
17.0,0,0
17.0,0,0
17.0,0,0
17.0,0,0
17.0,0,0
17.0,0,0
17.0,0,0
17.0,0,0
17.0,0,0
17.0,0,0
17.0,0,0
17.0,0,0
17.0,0,0
17.0,0,0
17.0,0,0
17.0,0,0
17.0,0,0
17.0,0,0
17.0,0,0
17.0,0,0
17.0,0,0
17.0,0,0
17.0,0,0
17.0,0,0
17.0,0,0
17.0,0,0
17.0,0,0
17.0,0,0
17.0,0,0
17.0,0,0
17.0,0,0
17.0,0,0
17.0,0,0
17.0,0,0
17.0,0,0
17.0,0,0
17.0,0,0
17.0,0,0
17.0,0,0
17.0,0,0
17.0,0,0
17.0,0,0
17.0,0,0
17.0,0,0
17.0,0,0
17.0,0,0
17.0,0,0
17.0,0,0
17.0,0,0
17.0,0,0
17.0,0,0
17.0,0,0
17.0,0,0
17.0,0,0
17.0,0,0
17.0,0,0
17.0,0,0
17.0,0,0
17.0,0,0
17.0,0,0
17.0,0,0
17.0,0,0
17.0,0,0
17.0,0,0
17.0,0,0
17.0,0,0
17.0,0,0
17.0,0,0
17.0,0,0
17.0,0,0
17.0,0,0
17.0,0,0
17.0,0,0
17.0,0,0
17.0,0,0
17.0,0,0
17.0,0,0
17.0,0,0
17.0,0,0
17.0,0,0
17.0,0,0
17.0,0,0
17.0,0,0
17.0,0,0
17.0,0,0
17.0,0,0
17.0,0,0
17.0,0,0
17.0,0,0
17.0,0,0
17.0,0,0
17.0,0,0
17.0,0,0
17.0,0,0
17.0,0,0
17.0,0,0
17.0,0,0
17.0,0,0
17.0,0,0
17.0,0,0
17.0,0,0
17.0,0,0
17.0,0,0
17.0,0,0
17.0,0,0
17.0,0,0
17.0,0,0
17.0,0,0
17.0,0,0
17.0,0,0
17.0,0,0
17.0,0,0
17.0,0,0
17.0,0,0
17.0,0,0
17.0,0,0
17.0,0,0
17.0,0,0
17.0,0,0
17.0,0,0
17.0,0,0
17.0,0,0
17.0,0,0
17.0,0,0
17.0,0,0
17.0,0,0
17.0,0,0
17.0,0,0
17.0,0,0
17.0,0,0
17.0,0,0
17.0,0,0
17.0,0,0
17.0,0,0
17.0,0,0
17.0,0,0
17.0,0,0
17.0,0,0
17.0,0,0
17.0,0,0
17.0,0,0
17.0,0,0
17.0,0,0
17.0,0,0
17.0,0,0
17.0,0,0
17.0,0,0
17.0,0,0
17.0,0,0
17.0,0,0
17.0,0,0
17.0,0,0
17.0,0,0
17.0,0,0
17.0,0,0
17.0,0,0
17.0,0,0
17.0,0,0
17.0,0,0
17.0,0,0
17.0,0,0
17.0,0,0
17.0,0,0
17.0,0,0
17.0,0,0
17.0,0,0
17.0,0,0
17.0,0,0
17.0,0,0
17.0,0,0
17.0,0,0
17.0,0,0
17.0,0,0
17.0,0,0
17.0,0,0
17.0,0,0
17.0,0,0
17.0,0,0
17.0,0,0
17.0,0,0
17.0,0,0
17.0,0,0
17.0,0,0
17.0,0,0
17.0,0,0
17.0,0,0
17.0,0,0
17.0,0,0
17.0,0,0
17.0,0,0
17.0,0,0
17.0,0,0
17.0,0,0
17.0,0,0
17.0,0,0
17.0,0,0
17.0,0,0
17.0,0,0
6.0,0,66
6.0,0,66
17.0,0,0
17.0,0,0
17.0,0,0
17.0,0,0
17.0,0,0
17.0,0,0
17.0,0,0
17.0,0,0
17.0,0,0
17.0,0,0
17.0,0,0
17.0,0,0
17.0,0,0
17.0,0,0
17.0,0,0
17.0,0,0
17.0,0,0
17.0,0,0
17.0,0,0
17.0,0,0
17.0,0,0
17.0,0,0
17.0,0,0
17.0,0,0
17.0,0,0
17.0,0,0
17.0,0,0
17.0,0,0
17.0,0,0
17.0,0,0
17.0,0,0
17.0,0,0
17.0,0,0
17.0,0,0
17.0,0,0
17.0,0,0
17.0,0,0
17.0,0,0
17.0,0,0
17.0,0,0
17.0,0,0
17.0,0,0
17.0,0,0
17.0,0,0
17.0,0,0
17.0,0,0
17.0,0,0
17.0,0,0
17.0,0,0
17.0,0,0
17.0,0,0
17.0,0,0
17.0,0,0
17.0,0,0
17.0,0,0
17.0,0,0
17.0,0,0
17.0,0,0
17.0,0,0
17.0,0,0
17.0,0,0
17.0,0,0
17.0,0,0
17.0,0,0
17.0,0,0
17.0,0,0
17.0,0,0
17.0,0,0
17.0,0,0
17.0,0,0
17.0,0,0
17.0,0,0
17.0,0,0
17.0,0,0
17.0,0,0
17.0,0,0
17.0,0,0
17.0,0,0
17.0,0,0
17.0,0,0
17.0,0,0
17.0,0,0
17.0,0,0
17.0,0,0
17.0,0,0
17.0,0,0
17.0,0,0
17.0,0,0
17.0,0,0
17.0,0,0
17.0,0,0
17.0,0,0
17.0,0,0
17.0,0,0
17.0,0,0
17.0,0,0
17.0,0,0
17.0,0,0
17.0,0,0
17.0,0,0
17.0,0,0
17.0,0,0
17.0,0,0
17.0,0,0
17.0,0,0
17.0,0,0
17.0,0,0
17.0,0,0
17.0,0,0
17.0,0,0
17.0,0,0
17.0,0,0
17.0,0,0
17.0,0,0
17.0,0,0
17.0,0,0
17.0,0,0
17.0,0,0
17.0,0,0
17.0,0,0
17.0,0,0
17.0,0,0
17.0,0,0
17.0,0,0
17.0,0,0
17.0,0,0
17.0,0,0
17.0,0,0
17.0,0,0
17.0,0,0
17.0,0,0
17.0,0,0
17.0,0,0
17.0,0,0
17.0,0,0
17.0,0,0
17.0,0,0
17.0,0,0
17.0,0,0
17.0,0,0
17.0,0,0
17.0,0,0
17.0,0,0
17.0,0,0
17.0,0,0
17.0,0,0
17.0,0,0
17.0,0,0
17.0,0,0
17.0,0,0
17.0,0,0
17.0,0,0
17.0,0,0
17.0,0,0
17.0,0,0
17.0,0,0
17.0,0,0
17.0,0,0
17.0,0,0
17.0,0,0
17.0,0,0
17.0,0,0
17.0,0,0
17.0,0,0
17.0,0,0
17.0,0,0
17.0,0,0
17.0,0,0
17.0,0,0
17.0,0,0
17.0,0,0
17.0,0,0
17.0,0,0
17.0,0,0
17.0,0,0
17.0,0,0
17.0,0,0
17.0,0,0
17.0,0,0
17.0,0,0
17.0,0,0
17.0,0,0
17.0,0,0
17.0,0,0
17.0,0,0
17.0,0,0
17.0,0,0
17.0,0,0
17.0,0,0
17.0,0,0
17.0,0,0
17.0,0,0
17.0,0,0
17.0,0,0
17.0,0,0
17.0,0,0
17.0,0,0
17.0,0,0
17.0,0,0
17.0,0,0
17.0,0,0
17.0,0,0
17.0,0,0
17.0,0,0
17.0,0,0
17.0,0,0
17.0,0,0
17.0,0,0
17.0,0,0
17.0,0,0
17.0,0,0
17.0,0,0
17.0,0,0
17.0,0,0
17.0,0,0
17.0,0,0
17.0,0,0
17.0,0,0
17.0,0,0
17.0,0,0
17.0,0,0
17.0,0,0
17.0,0,0
17.0,0,0
17.0,0,0
17.0,0,0
17.0,0,0
17.0,0,0
17.0,0,0
17.0,0,0
17.0,0,0
17.0,0,0
17.0,0,0
17.0,0,0
17.0,0,0
17.0,0,0
17.0,0,0
17.0,0,0
17.0,0,0
17.0,0,0
17.0,0,0
17.0,0,0
17.0,0,0
17.0,0,0
17.0,0,0
17.0,0,0
17.0,0,0
17.0,0,0
17.0,0,0
17.0,0,0
17.0,0,0
17.0,0,0
17.0,0,0
17.0,0,0
17.0,0,0
17.0,0,0
17.0,0,0
17.0,0,0
17.0,0,0
17.0,0,0
17.0,0,0
17.0,0,0
17.0,0,0
17.0,0,0
17.0,0,0
17.0,0,0
17.0,0,0
17.0,0,0
17.0,0,0
17.0,0,0
17.0,0,0
17.0,0,0
17.0,0,0
17.0,0,0
17.0,0,0
17.0,0,0
17.0,0,0
17.0,0,0
17.0,0,0
17.0,0,0
17.0,0,0
17.0,0,0
17.0,0,0
17.0,0,0
17.0,0,0
17.0,0,0
17.0,0,0
17.0,0,0
17.0,0,0
17.0,0,0
17.0,0,0
17.0,0,0
17.0,0,0
17.0,0,0
17.0,0,0
17.0,0,0
17.0,0,0
17.0,0,0
17.0,0,0
17.0,0,0
17.0,0,0
17.0,0,0
17.0,0,0
17.0,0,0
17.0,0,0
17.0,0,0
17.0,0,0
17.0,0,0
17.0,0,0
17.0,0,0
17.0,0,0
17.0,0,0
17.0,0,0
17.0,0,0
17.0,0,0
17.0,0,0
17.0,0,0
17.0,0,0
17.0,0,0
17.0,0,0
17.0,0,0
17.0,0,0
17.0,0,0
17.0,0,0
17.0,0,0
17.0,0,0
17.0,0,0
17.0,0,0
17.0,0,0
17.0,0,0
17.0,0,0
17.0,0,0
17.0,0,0
17.0,0,0
17.0,0,0
17.0,0,0
17.0,0,0
17.0,0,0
17.0,0,0
17.0,0,0
17.0,0,0
17.0,0,0
17.0,0,0
17.0,0,0
17.0,0,0
17.0,0,0
17.0,0,0
17.0,0,0
17.0,0,0
17.0,0,0
17.0,0,0
17.0,0,0
17.0,0,0
17.0,0,0
17.0,0,0
17.0,0,0
17.0,0,0
17.0,0,0
17.0,0,0
17.0,0,0
17.0,0,0
17.0,0,0
17.0,0,0
17.0,0,0
17.0,0,0
17.0,0,0
17.0,0,0
17.0,0,0
17.0,0,0
17.0,0,0
17.0,0,0
17.0,0,0
17.0,0,0
17.0,0,0
17.0,0,0
17.0,0,0
17.0,0,0
17.0,0,0
17.0,0,0
17.0,0,0
17.0,0,0
17.0,0,0
17.0,0,0
17.0,0,0
17.0,0,0
17.0,0,0
17.0,0,0
6.0,58,54
17.0,0,0
17.0,0,0
17.0,0,0
17.0,0,0
17.0,0,0
17.0,0,0
17.0,0,0
17.0,0,0
17.0,0,0
17.0,0,0
17.0,0,0
17.0,0,0
17.0,0,0
17.0,0,0
17.0,0,0
17.0,0,0
17.0,0,0
17.0,0,0
17.0,0,0
17.0,0,0
6.0,47,54
6.0,0,54
17.0,0,0
17.0,0,0
17.0,0,0
17.0,0,0
17.0,0,0
17.0,0,0
17.0,0,0
17.0,0,0
17.0,0,0
17.0,0,0
17.0,0,0
17.0,0,0
17.0,0,0
17.0,0,0
17.0,0,0
17.0,0,0
17.0,0,0
17.0,0,0
17.0,0,0
17.0,0,0
17.0,0,0
17.0,0,0
17.0,0,0
17.0,0,0
17.0,0,0
17.0,0,0
17.0,0,0
17.0,0,0
17.0,0,0
17.0,0,0
17.0,0,0
17.0,0,0
17.0,0,0
17.0,0,0
17.0,0,0
17.0,0,0
17.0,0,0
17.0,0,0
17.0,0,0
17.0,0,0
17.0,0,0
17.0,0,0
17.0,0,0
17.0,0,0
17.0,0,0
17.0,0,0
17.0,0,0
17.0,0,0
17.0,0,0
17.0,0,0
17.0,0,0
17.0,0,0
17.0,0,0
17.0,0,0
17.0,0,0
17.0,0,0
17.0,0,0
17.0,0,0
17.0,0,0
17.0,0,0
17.0,0,0
17.0,0,0
17.0,0,0
17.0,0,0
17.0,0,0
17.0,0,0
17.0,0,0
17.0,0,0
17.0,0,0
17.0,0,0
17.0,0,0
17.0,0,0
17.0,0,0
17.0,0,0
17.0,0,0
17.0,0,0
17.0,0,0
17.0,0,0
17.0,0,0
17.0,0,0
17.0,0,0
17.0,0,0
17.0,0,0
17.0,0,0
17.0,0,0
17.0,0,0
17.0,0,0
17.0,0,0
17.0,0,0
17.0,0,0
17.0,0,0
,0,0
,0,0
17.0,0,0
17.0,0,0
17.0,0,0
17.0,0,0
17.0,0,0
17.0,0,0
17.0,0,0
17.0,0,0
17.0,0,0
17.0,0,0
17.0,0,0
17.0,0,0
17.0,0,0
17.0,0,0
17.0,0,0
17.0,0,0
17.0,0,0
17.0,0,0
17.0,0,0
17.0,0,0
17.0,0,0
17.0,0,0
17.0,0,0
17.0,0,0
17.0,0,0
17.0,0,0
17.0,0,0
17.0,0,0
17.0,0,0
17.0,0,0
17.0,0,0
17.0,0,0
17.0,0,0
17.0,0,0
17.0,0,0
17.0,0,0
17.0,0,0
17.0,0,0
17.0,0,0
17.0,0,0
17.0,0,0
17.0,0,0
17.0,0,0
17.0,0,0
17.0,0,0
17.0,0,0
17.0,0,0
17.0,0,0
17.0,0,0
17.0,0,0
17.0,0,0
17.0,0,0
17.0,0,0
17.0,0,0
17.0,0,0
17.0,0,0
17.0,0,0
17.0,0,0
17.0,0,0
17.0,0,0
17.0,0,0
17.0,0,0
17.0,0,0
17.0,0,0
17.0,0,0
17.0,0,0
17.0,0,0
17.0,0,0
17.0,0,0
17.0,0,0
17.0,0,0
17.0,0,0
17.0,0,0
17.0,0,0
17.0,0,0
17.0,0,0
17.0,0,0
17.0,0,0
17.0,0,0
17.0,0,0
17.0,0,0
17.0,0,0
17.0,0,0
17.0,0,0
17.0,0,0
17.0,0,0
17.0,0,0
17.0,0,0
17.0,0,0
17.0,0,0
17.0,0,0
17.0,0,0
17.0,0,0
17.0,0,0
17.0,0,0
17.0,0,0
17.0,0,0
17.0,0,0
17.0,0,0
17.0,0,0
17.0,0,0
17.0,0,0
17.0,0,0
17.0,0,0
17.0,0,0
17.0,0,0
17.0,0,0
17.0,0,0
17.0,0,0
17.0,0,0
17.0,0,0
17.0,0,0
17.0,0,0
17.0,0,0
17.0,0,0
17.0,0,0
17.0,0,0
17.0,0,0
17.0,0,0
17.0,0,0
17.0,0,0
17.0,0,0
17.0,0,0
17.0,0,0
17.0,0,0
17.0,0,0
17.0,0,0
17.0,0,0
17.0,0,0
17.0,0,0
17.0,0,0
17.0,0,0
17.0,0,0
17.0,0,0
17.0,0,0
17.0,0,0
17.0,0,0
17.0,0,0
17.0,0,0
17.0,0,0
17.0,0,0
17.0,0,0
17.0,0,0
17.0,0,0
17.0,0,0
17.0,0,0
17.0,0,0
17.0,0,0
17.0,0,0
17.0,0,0
17.0,0,0
17.0,0,0
17.0,0,0
17.0,0,0
17.0,0,0
17.0,0,0
17.0,0,0
17.0,0,0
17.0,0,0
17.0,0,0
17.0,0,0
17.0,0,0
17.0,0,0
17.0,0,0
17.0,0,0
17.0,0,0
17.0,0,0
17.0,0,0
17.0,0,0
17.0,0,0
17.0,0,0
17.0,0,0
17.0,0,0
17.0,0,0
17.0,0,0
17.0,0,0
17.0,0,0
17.0,0,0
17.0,0,0
17.0,0,0
17.0,0,0
17.0,0,0
17.0,0,0
17.0,0,0
17.0,0,0
17.0,0,0
17.0,0,0
17.0,0,0
17.0,0,0
17.0,0,0
17.0,0,0
17.0,0,0
17.0,0,0
17.0,0,0
17.0,0,0
17.0,0,0
17.0,0,0
17.0,0,0
17.0,0,0
17.0,0,0
17.0,0,0
17.0,0,0
17.0,0,0
17.0,0,0
17.0,0,0
17.0,0,0
17.0,0,0
17.0,0,0
17.0,0,0
17.0,0,0
17.0,0,0
17.0,0,0
17.0,0,0
17.0,0,0
17.0,0,0
17.0,0,0
17.0,0,0
17.0,0,0
17.0,0,0
17.0,0,0
17.0,0,0
17.0,0,0
17.0,0,0
17.0,0,0
17.0,0,0
17.0,0,0
17.0,0,0
17.0,0,0
17.0,0,0
17.0,0,0
17.0,0,0
17.0,0,0
17.0,0,0
17.0,0,0
17.0,0,0
17.0,0,0
17.0,0,0
17.0,0,0
17.0,0,0
17.0,0,0
17.0,0,0
17.0,0,0
17.0,0,0
17.0,0,0
17.0,0,0
17.0,0,0
17.0,0,0
17.0,0,0
17.0,0,0
17.0,0,0
17.0,0,0
17.0,0,0
17.0,0,0
17.0,0,0
17.0,0,0
17.0,0,0
17.0,0,0
17.0,0,0
17.0,0,0
17.0,0,0
17.0,0,0
17.0,0,0
17.0,0,0
17.0,0,0
17.0,0,0
17.0,0,0
17.0,0,0
17.0,0,0
17.0,0,0
17.0,0,0
17.0,0,0
17.0,0,0
17.0,0,0
17.0,0,0
17.0,0,0
17.0,0,0
17.0,0,0
17.0,0,0
17.0,0,0
17.0,0,0
17.0,0,0
17.0,0,0
17.0,0,0
17.0,0,0
17.0,0,0
17.0,0,0
17.0,0,0
17.0,0,0
17.0,0,0
17.0,0,0
17.0,0,0
17.0,0,0
17.0,0,0
17.0,0,0
17.0,0,0
17.0,0,0
17.0,0,0
17.0,0,0
17.0,0,0
17.0,0,0
17.0,0,0
17.0,0,0
17.0,0,0
17.0,0,0
17.0,0,0
17.0,0,0
17.0,0,0
17.0,0,0
17.0,0,0
17.0,0,0
17.0,0,0
17.0,0,0
17.0,0,0
17.0,0,0
17.0,0,0
17.0,0,0
17.0,0,0
17.0,0,0
17.0,0,0
17.0,0,0
17.0,0,0
17.0,0,0
17.0,0,0
17.0,0,0
17.0,0,0
17.0,0,0
17.0,0,0
17.0,0,0
17.0,0,0
17.0,0,0
17.0,0,0
17.0,0,0
17.0,0,0
17.0,0,0
17.0,0,0
17.0,0,0
17.0,0,0
17.0,0,0
17.0,0,0
17.0,0,0
17.0,0,0
17.0,0,0
17.0,0,0
17.0,0,0
17.0,0,0
17.0,0,0
17.0,0,0
17.0,0,0
17.0,0,0
17.0,0,0
17.0,0,0
17.0,0,0
17.0,0,0
17.0,0,0
17.0,0,0
17.0,0,0
17.0,0,0
17.0,0,0
17.0,0,0
17.0,0,0
17.0,0,0
17.0,0,0
17.0,0,0
17.0,0,0
17.0,0,0
17.0,0,0
17.0,0,0
17.0,0,0
17.0,0,0
17.0,0,0
17.0,0,0
17.0,0,0
17.0,0,0
17.0,0,0
17.0,0,0
17.0,0,0
17.0,0,0
17.0,0,0
17.0,0,0
17.0,0,0
17.0,0,0
17.0,0,0
17.0,0,0
17.0,0,0
17.0,0,0
17.0,0,0
17.0,0,0
17.0,0,0
17.0,0,0
17.0,0,0
17.0,0,0
17.0,0,0
17.0,0,0
17.0,0,0
17.0,0,0
17.0,0,0
17.0,0,0
17.0,0,0
17.0,0,0
17.0,0,0
17.0,0,0
17.0,0,0
17.0,0,0
17.0,0,0
17.0,0,0
17.0,0,0
17.0,0,0
17.0,0,0
17.0,0,0
17.0,0,0
17.0,0,0
17.0,0,0
17.0,0,0
17.0,0,0
17.0,0,0
17.0,0,0
17.0,0,0
17.0,0,0
17.0,0,0
17.0,0,0
17.0,0,0
17.0,0,0
17.0,0,0
17.0,0,0
17.0,0,0
17.0,0,0
17.0,0,0
17.0,0,0
17.0,0,0
17.0,0,0
17.0,0,0
17.0,0,0
17.0,0,0
17.0,0,0
17.0,0,0
17.0,0,0
17.0,0,0
17.0,0,0
17.0,0,0
17.0,0,0
17.0,0,0
17.0,0,0
17.0,0,0
17.0,0,0
17.0,0,0
17.0,0,0
17.0,0,0
17.0,0,0
17.0,0,0
17.0,0,0
17.0,0,0
17.0,0,0
17.0,0,0
,0,0
17.0,0,0
17.0,0,0
17.0,0,0
17.0,0,0
17.0,0,0
17.0,0,0
17.0,0,0
17.0,0,0
17.0,0,0
17.0,0,0
17.0,0,0
17.0,0,0
17.0,0,0
17.0,0,0
17.0,0,0
17.0,0,0
17.0,0,0
17.0,0,0
17.0,0,0
17.0,0,0
17.0,0,0
17.0,0,0
17.0,0,0
17.0,0,0
17.0,0,0
17.0,0,0
17.0,0,0
17.0,0,0
17.0,0,0
17.0,0,0
17.0,0,0
17.0,0,0
17.0,0,0
17.0,0,0
17.0,0,0
17.0,0,0
17.0,0,0
17.0,0,0
17.0,0,0
17.0,0,0
17.0,0,0
17.0,0,0
17.0,0,0
17.0,0,0
17.0,0,0
17.0,0,0
17.0,0,0
17.0,0,0
17.0,0,0
17.0,0,0
17.0,0,0
17.0,0,0
17.0,0,0
17.0,0,0
17.0,0,0
17.0,0,0
17.0,0,0
17.0,0,0
17.0,0,0
17.0,0,0
17.0,0,0
17.0,0,0
17.0,0,0
17.0,0,0
17.0,0,0
17.0,0,0
17.0,0,0
17.0,0,0
17.0,0,0
17.0,0,0
17.0,0,0
17.0,0,0
17.0,0,0
17.0,0,0
17.0,0,0
17.0,0,0
17.0,0,0
17.0,0,0
17.0,0,0
17.0,0,0
17.0,0,0
17.0,0,0
17.0,0,0
17.0,0,0
17.0,0,0
17.0,0,0
17.0,0,0
17.0,0,0
17.0,0,0
17.0,0,0
17.0,0,0
17.0,0,0
17.0,0,0
17.0,0,0
17.0,0,0
17.0,0,0
17.0,0,0
17.0,0,0
17.0,0,0
17.0,0,0
17.0,0,0
17.0,0,0
17.0,0,0
17.0,0,0
17.0,0,0
17.0,0,0
17.0,0,0
17.0,0,0
17.0,0,0
17.0,0,0
17.0,0,0
17.0,0,0
17.0,0,0
17.0,0,0
17.0,0,0
17.0,0,0
17.0,0,0
17.0,0,0
17.0,0,0
17.0,0,0
17.0,0,0
17.0,0,0
17.0,0,0
17.0,0,0
17.0,0,0
17.0,0,0
17.0,0,0
17.0,0,0
17.0,0,0
17.0,0,0
17.0,0,0
17.0,0,0
17.0,0,0
17.0,0,0
17.0,0,0
17.0,0,0
17.0,0,0
17.0,0,0
17.0,0,0
17.0,0,0
17.0,0,0
17.0,0,0
17.0,0,0
17.0,0,0
17.0,0,0
17.0,0,0
17.0,0,0
17.0,0,0
17.0,0,0
17.0,0,0
17.0,0,0
17.0,0,0
17.0,0,0
17.0,0,0
17.0,0,0
17.0,0,0
17.0,0,0
17.0,0,0
17.0,0,0
17.0,0,0
17.0,0,0
17.0,0,0
17.0,0,0
17.0,0,0
17.0,0,0
17.0,0,0
17.0,0,0
17.0,0,0
17.0,0,0
17.0,0,0
17.0,0,0
17.0,0,0
17.0,0,0
17.0,0,0
17.0,0,0
17.0,0,0
17.0,0,0
17.0,0,0
17.0,0,0
17.0,0,0
17.0,0,0
17.0,0,0
17.0,0,0
17.0,0,0
17.0,0,0
17.0,0,0
17.0,0,0
17.0,0,0
17.0,0,0
17.0,0,0
17.0,0,0
17.0,0,0
17.0,0,0
17.0,0,0
17.0,0,0
17.0,0,0
17.0,0,0
17.0,0,0
17.0,0,0
17.0,0,0
17.0,0,0
17.0,0,0
17.0,0,0
17.0,0,0
17.0,0,0
17.0,0,0
17.0,0,0
17.0,0,0
17.0,0,0
17.0,0,0
17.0,0,0
17.0,0,0
17.0,0,0
17.0,0,0
17.0,0,0
17.0,0,0
17.0,0,0
17.0,0,0
17.0,0,0
17.0,0,0
17.0,0,0
17.0,0,0
17.0,0,0
17.0,0,0
17.0,0,0
17.0,0,0
17.0,0,0
17.0,0,0
17.0,0,0
17.0,0,0
17.0,0,0
17.0,0,0
17.0,0,0
17.0,0,0
17.0,0,0
17.0,0,0
17.0,0,0
17.0,0,0
17.0,0,0
17.0,0,0
17.0,0,0
17.0,0,0
17.0,0,0
17.0,0,0
17.0,0,0
17.0,0,0
17.0,0,0
17.0,0,0
17.0,0,0
17.0,0,0
17.0,0,0
17.0,0,0
17.0,0,0
17.0,0,0
17.0,0,0
17.0,0,0
17.0,0,0
17.0,0,0
17.0,0,0
17.0,0,0
17.0,0,0
17.0,0,0
17.0,0,0
17.0,0,0
17.0,0,0
17.0,0,0
17.0,0,0
17.0,0,0
17.0,0,0
17.0,0,0
17.0,0,0
17.0,0,0
17.0,0,0
17.0,0,0
17.0,0,0
17.0,0,0
17.0,0,0
17.0,0,0
17.0,0,0
17.0,0,0
17.0,0,0
17.0,0,0
17.0,0,0
17.0,0,0
17.0,0,0
17.0,0,0
17.0,0,0
17.0,0,0
17.0,0,0
17.0,0,0
17.0,0,0
17.0,0,0
17.0,0,0
17.0,0,0
17.0,0,0
17.0,0,0
17.0,0,0
17.0,0,0
17.0,0,0
17.0,0,0
17.0,0,0
17.0,0,0
17.0,0,0
17.0,0,0
17.0,0,0
17.0,0,0
17.0,0,0
17.0,0,0
17.0,0,0
17.0,0,0
17.0,0,0
17.0,0,0
17.0,0,0
17.0,0,0
17.0,0,0
17.0,0,0
17.0,0,0
17.0,0,0
,0,0
17.0,0,0
17.0,0,0
17.0,0,0
17.0,0,0
17.0,0,0
17.0,0,0
17.0,0,0
17.0,0,0
17.0,0,0
17.0,0,0
17.0,0,0
17.0,0,0
17.0,0,0
17.0,0,0
17.0,0,0
17.0,0,0
17.0,0,0
17.0,0,0
17.0,0,0
17.0,0,0
17.0,0,0
17.0,0,0
17.0,0,0
17.0,0,0
17.0,0,0
17.0,0,0
17.0,0,0
17.0,0,0
17.0,0,0
17.0,0,0
17.0,0,0
17.0,0,0
17.0,0,0
17.0,0,0
17.0,0,0
17.0,0,0
17.0,0,0
17.0,0,0
17.0,0,0
17.0,0,0
17.0,0,0
17.0,0,0
17.0,0,0
17.0,0,0
17.0,0,0
17.0,0,0
17.0,0,0
17.0,0,0
17.0,0,0
17.0,0,0
17.0,0,0
17.0,0,0
17.0,0,0
17.0,0,0
17.0,0,0
17.0,0,0
17.0,0,0
17.0,0,0
17.0,0,0
17.0,0,0
17.0,0,0
17.0,0,0
17.0,0,0
17.0,0,0
17.0,0,0
17.0,0,0
17.0,0,0
17.0,0,0
17.0,0,0
17.0,0,0
17.0,0,0
17.0,0,0
17.0,0,0
17.0,0,0
17.0,0,0
17.0,0,0
17.0,0,0
17.0,0,0
6.0,118,66
6.0,39,66
6.0,1388,66
6.0,1388,66
6.0,1388,66
6.0,1388,66
6.0,183,66
17.0,0,0
17.0,0,0
17.0,0,0
17.0,0,0
17.0,0,0
17.0,0,0
17.0,0,0
17.0,0,0
17.0,0,0
17.0,0,0
17.0,0,0
17.0,0,0
17.0,0,0
17.0,0,0
17.0,0,0
17.0,0,0
17.0,0,0
17.0,0,0
17.0,0,0
17.0,0,0
17.0,0,0
17.0,0,0
17.0,0,0
17.0,0,0
17.0,0,0
17.0,0,0
17.0,0,0
17.0,0,0
17.0,0,0
17.0,0,0
17.0,0,0
17.0,0,0
17.0,0,0
17.0,0,0
17.0,0,0
17.0,0,0
17.0,0,0
17.0,0,0
17.0,0,0
17.0,0,0
17.0,0,0
17.0,0,0
17.0,0,0
17.0,0,0
17.0,0,0
17.0,0,0
17.0,0,0
17.0,0,0
17.0,0,0
17.0,0,0
17.0,0,0
17.0,0,0
17.0,0,0
17.0,0,0
17.0,0,0
17.0,0,0
17.0,0,0
17.0,0,0
17.0,0,0
17.0,0,0
17.0,0,0
17.0,0,0
17.0,0,0
17.0,0,0
17.0,0,0
17.0,0,0
17.0,0,0
17.0,0,0
17.0,0,0
17.0,0,0
17.0,0,0
17.0,0,0
17.0,0,0
17.0,0,0
17.0,0,0
17.0,0,0
17.0,0,0
17.0,0,0
17.0,0,0
17.0,0,0
17.0,0,0
17.0,0,0
17.0,0,0
17.0,0,0
17.0,0,0
17.0,0,0
17.0,0,0
17.0,0,0
17.0,0,0
17.0,0,0
17.0,0,0
17.0,0,0
17.0,0,0
17.0,0,0
17.0,0,0
17.0,0,0
17.0,0,0
17.0,0,0
17.0,0,0
17.0,0,0
17.0,0,0
17.0,0,0
17.0,0,0
17.0,0,0
17.0,0,0
17.0,0,0
17.0,0,0
17.0,0,0
17.0,0,0
17.0,0,0
17.0,0,0
17.0,0,0
17.0,0,0
17.0,0,0
17.0,0,0
17.0,0,0
17.0,0,0
17.0,0,0
17.0,0,0
6.0,0,66
17.0,0,0
6.0,0,66
6.0,39,66
6.0,0,66
17.0,0,0
17.0,0,0
6.0,0,66
17.0,0,0
17.0,0,0
17.0,0,0
17.0,0,0
17.0,0,0
17.0,0,0
17.0,0,0
17.0,0,0
17.0,0,0
17.0,0,0
17.0,0,0
17.0,0,0
17.0,0,0
17.0,0,0
17.0,0,0
17.0,0,0
17.0,0,0
17.0,0,0
17.0,0,0
17.0,0,0
17.0,0,0
17.0,0,0
17.0,0,0
17.0,0,0
17.0,0,0
17.0,0,0
17.0,0,0
17.0,0,0
17.0,0,0
17.0,0,0
17.0,0,0
17.0,0,0
17.0,0,0
17.0,0,0
17.0,0,0
17.0,0,0
17.0,0,0
17.0,0,0
17.0,0,0
17.0,0,0
17.0,0,0
17.0,0,0
17.0,0,0
17.0,0,0
17.0,0,0
17.0,0,0
17.0,0,0
17.0,0,0
17.0,0,0
17.0,0,0
17.0,0,0
17.0,0,0
17.0,0,0
17.0,0,0
17.0,0,0
17.0,0,0
17.0,0,0
17.0,0,0
17.0,0,0
17.0,0,0
17.0,0,0
17.0,0,0
17.0,0,0
17.0,0,0
17.0,0,0
17.0,0,0
17.0,0,0
17.0,0,0
17.0,0,0
17.0,0,0
17.0,0,0
17.0,0,0
17.0,0,0
17.0,0,0
17.0,0,0
17.0,0,0
17.0,0,0
17.0,0,0
17.0,0,0
17.0,0,0
17.0,0,0
17.0,0,0
17.0,0,0
17.0,0,0
17.0,0,0
17.0,0,0
17.0,0,0
17.0,0,0
17.0,0,0
17.0,0,0
17.0,0,0
17.0,0,0
17.0,0,0
17.0,0,0
17.0,0,0
17.0,0,0
17.0,0,0
17.0,0,0
6.0,99,66
6.0,0,66
6.0,35,66
17.0,0,0
17.0,0,0
17.0,0,0
17.0,0,0
17.0,0,0
17.0,0,0
17.0,0,0
17.0,0,0
17.0,0,0
17.0,0,0
17.0,0,0
17.0,0,0
17.0,0,0
17.0,0,0
17.0,0,0
17.0,0,0
17.0,0,0
17.0,0,0
17.0,0,0
17.0,0,0
17.0,0,0
17.0,0,0
17.0,0,0
17.0,0,0
17.0,0,0
17.0,0,0
17.0,0,0
17.0,0,0
17.0,0,0
17.0,0,0
17.0,0,0
17.0,0,0
17.0,0,0
17.0,0,0
17.0,0,0
17.0,0,0
17.0,0,0
17.0,0,0
17.0,0,0
17.0,0,0
17.0,0,0
17.0,0,0
17.0,0,0
17.0,0,0
17.0,0,0
17.0,0,0
17.0,0,0
6.0,0,66
17.0,0,0
17.0,0,0
17.0,0,0
17.0,0,0
17.0,0,0
17.0,0,0
17.0,0,0
17.0,0,0
17.0,0,0
17.0,0,0
17.0,0,0
17.0,0,0
17.0,0,0
17.0,0,0
17.0,0,0
17.0,0,0
17.0,0,0
17.0,0,0
17.0,0,0
17.0,0,0
17.0,0,0
17.0,0,0
17.0,0,0
17.0,0,0
17.0,0,0
17.0,0,0
17.0,0,0
17.0,0,0
17.0,0,0
17.0,0,0
17.0,0,0
17.0,0,0
17.0,0,0
17.0,0,0
17.0,0,0
17.0,0,0
17.0,0,0
17.0,0,0
17.0,0,0
17.0,0,0
17.0,0,0
17.0,0,0
17.0,0,0
17.0,0,0
17.0,0,0
17.0,0,0
17.0,0,0
17.0,0,0
17.0,0,0
17.0,0,0
17.0,0,0
17.0,0,0
17.0,0,0
17.0,0,0
17.0,0,0
17.0,0,0
17.0,0,0
17.0,0,0
17.0,0,0
17.0,0,0
17.0,0,0
17.0,0,0
17.0,0,0
17.0,0,0
17.0,0,0
17.0,0,0
17.0,0,0
17.0,0,0
17.0,0,0
17.0,0,0
17.0,0,0
17.0,0,0
17.0,0,0
17.0,0,0
17.0,0,0
17.0,0,0
17.0,0,0
17.0,0,0
17.0,0,0
17.0,0,0
17.0,0,0
17.0,0,0
17.0,0,0
17.0,0,0
17.0,0,0
17.0,0,0
17.0,0,0
17.0,0,0
17.0,0,0
17.0,0,0
17.0,0,0
17.0,0,0
17.0,0,0
17.0,0,0
17.0,0,0
17.0,0,0
17.0,0,0
17.0,0,0
17.0,0,0
17.0,0,0
17.0,0,0
17.0,0,0
17.0,0,0
17.0,0,0
17.0,0,0
17.0,0,0
17.0,0,0
17.0,0,0
17.0,0,0
17.0,0,0
17.0,0,0
17.0,0,0
17.0,0,0
17.0,0,0
17.0,0,0
17.0,0,0
17.0,0,0
17.0,0,0
17.0,0,0
17.0,0,0
17.0,0,0
17.0,0,0
17.0,0,0
17.0,0,0
17.0,0,0
17.0,0,0
17.0,0,0
17.0,0,0
17.0,0,0
17.0,0,0
17.0,0,0
17.0,0,0
17.0,0,0
17.0,0,0
17.0,0,0
17.0,0,0
17.0,0,0
17.0,0,0
17.0,0,0
17.0,0,0
17.0,0,0
17.0,0,0
17.0,0,0
17.0,0,0
17.0,0,0
17.0,0,0
17.0,0,0
17.0,0,0
17.0,0,0
17.0,0,0
17.0,0,0
17.0,0,0
17.0,0,0
17.0,0,0
17.0,0,0
17.0,0,0
17.0,0,0
17.0,0,0
17.0,0,0
17.0,0,0
17.0,0,0
17.0,0,0
17.0,0,0
17.0,0,0
17.0,0,0
17.0,0,0
17.0,0,0
17.0,0,0
17.0,0,0
17.0,0,0
17.0,0,0
17.0,0,0
17.0,0,0
17.0,0,0
17.0,0,0
17.0,0,0
17.0,0,0
17.0,0,0
17.0,0,0
17.0,0,0
17.0,0,0
17.0,0,0
17.0,0,0
17.0,0,0
17.0,0,0
17.0,0,0
17.0,0,0
17.0,0,0
17.0,0,0
17.0,0,0
17.0,0,0
17.0,0,0
17.0,0,0
17.0,0,0
17.0,0,0
17.0,0,0
17.0,0,0
17.0,0,0
17.0,0,0
17.0,0,0
17.0,0,0
17.0,0,0
17.0,0,0
17.0,0,0
17.0,0,0
17.0,0,0
17.0,0,0
17.0,0,0
17.0,0,0
17.0,0,0
17.0,0,0
17.0,0,0
17.0,0,0
17.0,0,0
17.0,0,0
17.0,0,0
17.0,0,0
17.0,0,0
17.0,0,0
17.0,0,0
17.0,0,0
17.0,0,0
17.0,0,0
17.0,0,0
17.0,0,0
17.0,0,0
17.0,0,0
17.0,0,0
17.0,0,0
17.0,0,0
17.0,0,0
17.0,0,0
17.0,0,0
17.0,0,0
17.0,0,0
17.0,0,0
17.0,0,0
17.0,0,0
17.0,0,0
17.0,0,0
17.0,0,0
17.0,0,0
17.0,0,0
17.0,0,0
17.0,0,0
17.0,0,0
17.0,0,0
17.0,0,0
17.0,0,0
17.0,0,0
17.0,0,0
17.0,0,0
17.0,0,0
17.0,0,0
17.0,0,0
17.0,0,0
17.0,0,0
17.0,0,0
17.0,0,0
17.0,0,0
17.0,0,0
17.0,0,0
17.0,0,0
17.0,0,0
17.0,0,0
17.0,0,0
17.0,0,0
17.0,0,0
17.0,0,0
17.0,0,0
17.0,0,0
17.0,0,0
17.0,0,0
17.0,0,0
17.0,0,0
17.0,0,0
17.0,0,0
17.0,0,0
17.0,0,0
17.0,0,0
17.0,0,0
17.0,0,0
17.0,0,0
17.0,0,0
17.0,0,0
17.0,0,0
17.0,0,0
17.0,0,0
17.0,0,0
17.0,0,0
17.0,0,0
17.0,0,0
17.0,0,0
17.0,0,0
17.0,0,0
17.0,0,0
17.0,0,0
17.0,0,0
17.0,0,0
17.0,0,0
17.0,0,0
17.0,0,0
17.0,0,0
17.0,0,0
17.0,0,0
17.0,0,0
17.0,0,0
17.0,0,0
17.0,0,0
17.0,0,0
17.0,0,0
17.0,0,0
17.0,0,0
17.0,0,0
17.0,0,0
17.0,0,0
17.0,0,0
17.0,0,0
17.0,0,0
17.0,0,0
17.0,0,0
17.0,0,0
17.0,0,0
17.0,0,0
17.0,0,0
17.0,0,0
17.0,0,0
17.0,0,0
17.0,0,0
17.0,0,0
17.0,0,0
17.0,0,0
17.0,0,0
17.0,0,0
17.0,0,0
17.0,0,0
17.0,0,0
17.0,0,0
17.0,0,0
17.0,0,0
17.0,0,0
17.0,0,0
17.0,0,0
17.0,0,0
17.0,0,0
17.0,0,0
17.0,0,0
17.0,0,0
17.0,0,0
17.0,0,0
17.0,0,0
17.0,0,0
17.0,0,0
17.0,0,0
17.0,0,0
17.0,0,0
17.0,0,0
17.0,0,0
17.0,0,0
17.0,0,0
17.0,0,0
17.0,0,0
17.0,0,0
17.0,0,0
17.0,0,0
17.0,0,0
17.0,0,0
17.0,0,0
17.0,0,0
17.0,0,0
17.0,0,0
17.0,0,0
17.0,0,0
17.0,0,0
17.0,0,0
17.0,0,0
17.0,0,0
17.0,0,0
17.0,0,0
17.0,0,0
17.0,0,0
17.0,0,0
17.0,0,0
17.0,0,0
17.0,0,0
17.0,0,0
17.0,0,0
17.0,0,0
17.0,0,0
17.0,0,0
17.0,0,0
17.0,0,0
17.0,0,0
17.0,0,0
17.0,0,0
17.0,0,0
17.0,0,0
17.0,0,0
17.0,0,0
17.0,0,0
17.0,0,0
17.0,0,0
17.0,0,0
17.0,0,0
17.0,0,0
17.0,0,0
17.0,0,0
17.0,0,0
17.0,0,0
17.0,0,0
17.0,0,0
17.0,0,0
17.0,0,0
17.0,0,0
17.0,0,0
17.0,0,0
17.0,0,0
17.0,0,0
17.0,0,0
17.0,0,0
17.0,0,0
17.0,0,0
17.0,0,0
17.0,0,0
17.0,0,0
17.0,0,0
17.0,0,0
17.0,0,0
17.0,0,0
17.0,0,0
17.0,0,0
17.0,0,0
17.0,0,0
17.0,0,0
17.0,0,0
17.0,0,0
17.0,0,0
17.0,0,0
17.0,0,0
17.0,0,0
17.0,0,0
17.0,0,0
17.0,0,0
17.0,0,0
17.0,0,0
17.0,0,0
17.0,0,0
17.0,0,0
17.0,0,0
17.0,0,0
17.0,0,0
17.0,0,0
17.0,0,0
17.0,0,0
17.0,0,0
17.0,0,0
17.0,0,0
17.0,0,0
17.0,0,0
17.0,0,0
17.0,0,0
17.0,0,0
17.0,0,0
17.0,0,0
17.0,0,0
17.0,0,0
17.0,0,0
17.0,0,0
17.0,0,0
17.0,0,0
17.0,0,0
17.0,0,0
17.0,0,0
17.0,0,0
17.0,0,0
17.0,0,0
17.0,0,0
17.0,0,0
17.0,0,0
17.0,0,0
17.0,0,0
17.0,0,0
17.0,0,0
17.0,0,0
17.0,0,0
17.0,0,0
17.0,0,0
17.0,0,0
17.0,0,0
17.0,0,0
17.0,0,0
17.0,0,0
17.0,0,0
17.0,0,0
17.0,0,0
17.0,0,0
17.0,0,0
17.0,0,0
17.0,0,0
17.0,0,0
17.0,0,0
17.0,0,0
17.0,0,0
17.0,0,0
17.0,0,0
17.0,0,0
17.0,0,0
17.0,0,0
17.0,0,0
17.0,0,0
17.0,0,0
17.0,0,0
17.0,0,0
17.0,0,0
17.0,0,0
17.0,0,0
17.0,0,0
17.0,0,0
17.0,0,0
17.0,0,0
17.0,0,0
17.0,0,0
17.0,0,0
17.0,0,0
17.0,0,0
17.0,0,0
17.0,0,0
17.0,0,0
17.0,0,0
17.0,0,0
17.0,0,0
17.0,0,0
17.0,0,0
17.0,0,0
17.0,0,0
17.0,0,0
17.0,0,0
17.0,0,0
17.0,0,0
17.0,0,0
17.0,0,0
17.0,0,0
17.0,0,0
17.0,0,0
17.0,0,0
17.0,0,0
17.0,0,0
17.0,0,0
17.0,0,0
17.0,0,0
17.0,0,0
17.0,0,0
17.0,0,0
17.0,0,0
17.0,0,0
17.0,0,0
17.0,0,0
17.0,0,0
17.0,0,0
17.0,0,0
17.0,0,0
17.0,0,0
17.0,0,0
17.0,0,0
17.0,0,0
17.0,0,0
17.0,0,0
17.0,0,0
17.0,0,0
17.0,0,0
17.0,0,0
17.0,0,0
17.0,0,0
17.0,0,0
17.0,0,0
17.0,0,0
17.0,0,0
17.0,0,0
17.0,0,0
17.0,0,0
17.0,0,0
17.0,0,0
17.0,0,0
17.0,0,0
17.0,0,0
17.0,0,0
17.0,0,0
17.0,0,0
17.0,0,0
17.0,0,0
17.0,0,0
17.0,0,0
17.0,0,0
17.0,0,0
17.0,0,0
17.0,0,0
17.0,0,0
17.0,0,0
17.0,0,0
17.0,0,0
17.0,0,0
17.0,0,0
17.0,0,0
17.0,0,0
17.0,0,0
17.0,0,0
17.0,0,0
17.0,0,0
17.0,0,0
17.0,0,0
17.0,0,0
17.0,0,0
17.0,0,0
17.0,0,0
17.0,0,0
17.0,0,0
17.0,0,0
17.0,0,0
17.0,0,0
17.0,0,0
17.0,0,0
17.0,0,0
17.0,0,0
17.0,0,0
17.0,0,0
17.0,0,0
17.0,0,0
17.0,0,0
17.0,0,0
17.0,0,0
17.0,0,0
17.0,0,0
17.0,0,0
17.0,0,0
17.0,0,0
17.0,0,0
17.0,0,0
17.0,0,0
17.0,0,0
17.0,0,0
17.0,0,0
17.0,0,0
17.0,0,0
17.0,0,0
17.0,0,0
17.0,0,0
17.0,0,0
17.0,0,0
17.0,0,0
17.0,0,0
17.0,0,0
17.0,0,0
17.0,0,0
17.0,0,0
17.0,0,0
17.0,0,0
17.0,0,0
17.0,0,0
17.0,0,0
17.0,0,0
17.0,0,0
17.0,0,0
17.0,0,0
17.0,0,0
17.0,0,0
17.0,0,0
17.0,0,0
17.0,0,0
17.0,0,0
17.0,0,0
17.0,0,0
17.0,0,0
17.0,0,0
17.0,0,0
17.0,0,0
17.0,0,0
17.0,0,0
17.0,0,0
17.0,0,0
17.0,0,0
17.0,0,0
17.0,0,0
17.0,0,0
17.0,0,0
17.0,0,0
17.0,0,0
17.0,0,0
17.0,0,0
17.0,0,0
17.0,0,0
17.0,0,0
17.0,0,0
17.0,0,0
17.0,0,0
17.0,0,0
17.0,0,0
17.0,0,0
17.0,0,0
17.0,0,0
17.0,0,0
17.0,0,0
17.0,0,0
17.0,0,0
17.0,0,0
17.0,0,0
17.0,0,0
17.0,0,0
17.0,0,0
17.0,0,0
17.0,0,0
17.0,0,0
17.0,0,0
17.0,0,0
17.0,0,0
17.0,0,0
17.0,0,0
17.0,0,0
17.0,0,0
17.0,0,0
17.0,0,0
17.0,0,0
17.0,0,0
17.0,0,0
17.0,0,0
17.0,0,0
17.0,0,0
17.0,0,0
17.0,0,0
17.0,0,0
17.0,0,0
17.0,0,0
17.0,0,0
17.0,0,0
17.0,0,0
17.0,0,0
17.0,0,0
17.0,0,0
17.0,0,0
17.0,0,0
17.0,0,0
17.0,0,0
17.0,0,0
17.0,0,0
17.0,0,0
17.0,0,0
17.0,0,0
17.0,0,0
17.0,0,0
17.0,0,0
17.0,0,0
17.0,0,0
17.0,0,0
17.0,0,0
17.0,0,0
17.0,0,0
17.0,0,0
17.0,0,0
17.0,0,0
17.0,0,0
17.0,0,0
17.0,0,0
17.0,0,0
17.0,0,0
17.0,0,0
17.0,0,0
17.0,0,0
17.0,0,0
17.0,0,0
17.0,0,0
17.0,0,0
17.0,0,0
17.0,0,0
17.0,0,0
17.0,0,0
17.0,0,0
17.0,0,0
17.0,0,0
17.0,0,0
17.0,0,0
17.0,0,0
17.0,0,0
17.0,0,0
17.0,0,0
17.0,0,0
17.0,0,0
17.0,0,0
17.0,0,0
17.0,0,0
17.0,0,0
17.0,0,0
17.0,0,0
17.0,0,0
17.0,0,0
17.0,0,0
17.0,0,0
17.0,0,0
17.0,0,0
17.0,0,0
17.0,0,0
17.0,0,0
17.0,0,0
17.0,0,0
17.0,0,0
17.0,0,0
17.0,0,0
17.0,0,0
17.0,0,0
17.0,0,0
17.0,0,0
17.0,0,0
17.0,0,0
17.0,0,0
17.0,0,0
17.0,0,0
17.0,0,0
17.0,0,0
17.0,0,0
17.0,0,0
17.0,0,0
17.0,0,0
17.0,0,0
17.0,0,0
17.0,0,0
17.0,0,0
17.0,0,0
17.0,0,0
17.0,0,0
17.0,0,0
17.0,0,0
17.0,0,0
17.0,0,0
17.0,0,0
17.0,0,0
17.0,0,0
17.0,0,0
17.0,0,0
17.0,0,0
17.0,0,0
17.0,0,0
17.0,0,0
17.0,0,0
17.0,0,0
17.0,0,0
17.0,0,0
17.0,0,0
17.0,0,0
17.0,0,0
17.0,0,0
17.0,0,0
17.0,0,0
17.0,0,0
17.0,0,0
17.0,0,0
17.0,0,0
17.0,0,0
17.0,0,0
17.0,0,0
17.0,0,0
17.0,0,0
17.0,0,0
17.0,0,0
17.0,0,0
17.0,0,0
17.0,0,0
17.0,0,0
17.0,0,0
17.0,0,0
17.0,0,0
17.0,0,0
17.0,0,0
17.0,0,0
17.0,0,0
17.0,0,0
17.0,0,0
17.0,0,0
17.0,0,0
17.0,0,0
17.0,0,0
17.0,0,0
17.0,0,0
17.0,0,0
17.0,0,0
17.0,0,0
17.0,0,0
17.0,0,0
17.0,0,0
17.0,0,0
17.0,0,0
17.0,0,0
17.0,0,0
17.0,0,0
17.0,0,0
17.0,0,0
17.0,0,0
17.0,0,0
17.0,0,0
17.0,0,0
17.0,0,0
17.0,0,0
17.0,0,0
17.0,0,0
17.0,0,0
17.0,0,0
17.0,0,0
17.0,0,0
17.0,0,0
17.0,0,0
17.0,0,0
17.0,0,0
17.0,0,0
17.0,0,0
17.0,0,0
17.0,0,0
17.0,0,0
17.0,0,0
17.0,0,0
17.0,0,0
17.0,0,0
17.0,0,0
17.0,0,0
17.0,0,0
17.0,0,0
17.0,0,0
17.0,0,0
17.0,0,0
17.0,0,0
17.0,0,0
17.0,0,0
17.0,0,0
17.0,0,0
17.0,0,0
17.0,0,0
17.0,0,0
17.0,0,0
17.0,0,0
17.0,0,0
17.0,0,0
17.0,0,0
17.0,0,0
17.0,0,0
17.0,0,0
17.0,0,0
17.0,0,0
17.0,0,0
17.0,0,0
17.0,0,0
17.0,0,0
17.0,0,0
17.0,0,0
17.0,0,0
17.0,0,0
17.0,0,0
17.0,0,0
17.0,0,0
17.0,0,0
17.0,0,0
17.0,0,0
17.0,0,0
17.0,0,0
17.0,0,0
17.0,0,0
17.0,0,0
17.0,0,0
17.0,0,0
17.0,0,0
17.0,0,0
17.0,0,0
17.0,0,0
17.0,0,0
17.0,0,0
17.0,0,0
17.0,0,0
17.0,0,0
17.0,0,0
17.0,0,0
17.0,0,0
17.0,0,0
17.0,0,0
17.0,0,0
17.0,0,0
17.0,0,0
17.0,0,0
17.0,0,0
17.0,0,0
17.0,0,0
17.0,0,0
17.0,0,0
17.0,0,0
17.0,0,0
17.0,0,0
,0,74
17.0,0,0
17.0,0,0
17.0,0,0
17.0,0,0
17.0,0,0
17.0,0,0
17.0,0,0
17.0,0,0
17.0,0,0
17.0,0,0
17.0,0,0
17.0,0,0
17.0,0,0
17.0,0,0
17.0,0,0
17.0,0,0
17.0,0,0
17.0,0,0
17.0,0,0
17.0,0,0
17.0,0,0
17.0,0,0
17.0,0,0
17.0,0,0
,0,86
17.0,0,0
17.0,0,0
17.0,0,0
17.0,0,0
17.0,0,0
17.0,0,0
17.0,0,0
17.0,0,0
17.0,0,0
17.0,0,0
17.0,0,0
17.0,0,0
17.0,0,0
17.0,0,0
17.0,0,0
17.0,0,0
17.0,0,0
17.0,0,0
17.0,0,0
17.0,0,0
17.0,0,0
17.0,0,0
17.0,0,0
17.0,0,0
17.0,0,0
17.0,0,0
17.0,0,0
17.0,0,0
17.0,0,0
17.0,0,0
17.0,0,0
17.0,0,0
17.0,0,0
17.0,0,0
17.0,0,0
17.0,0,0
17.0,0,0
17.0,0,0
17.0,0,0
17.0,0,0
17.0,0,0
17.0,0,0
17.0,0,0
17.0,0,0
17.0,0,0
17.0,0,0
17.0,0,0
17.0,0,0
17.0,0,0
17.0,0,0
17.0,0,0
17.0,0,0
17.0,0,0
17.0,0,0
17.0,0,0
17.0,0,0
17.0,0,0
17.0,0,0
17.0,0,0
17.0,0,0
17.0,0,0
17.0,0,0
17.0,0,0
17.0,0,0
17.0,0,0
17.0,0,0
17.0,0,0
17.0,0,0
17.0,0,0
17.0,0,0
17.0,0,0
17.0,0,0
17.0,0,0
17.0,0,0
17.0,0,0
17.0,0,0
17.0,0,0
17.0,0,0
17.0,0,0
17.0,0,0
17.0,0,0
17.0,0,0
17.0,0,0
17.0,0,0
17.0,0,0
17.0,0,0
17.0,0,0
17.0,0,0
17.0,0,0
17.0,0,0
17.0,0,0
17.0,0,0
17.0,0,0
17.0,0,0
17.0,0,0
17.0,0,0
17.0,0,0
17.0,0,0
17.0,0,0
17.0,0,0
17.0,0,0
17.0,0,0
17.0,0,0
17.0,0,0
17.0,0,0
17.0,0,0
17.0,0,0
17.0,0,0
17.0,0,0
17.0,0,0
17.0,0,0
17.0,0,0
17.0,0,0
17.0,0,0
17.0,0,0
17.0,0,0
17.0,0,0
17.0,0,0
17.0,0,0
17.0,0,0
17.0,0,0
17.0,0,0
17.0,0,0
17.0,0,0
17.0,0,0
17.0,0,0
17.0,0,0
17.0,0,0
17.0,0,0
17.0,0,0
17.0,0,0
17.0,0,0
17.0,0,0
17.0,0,0
17.0,0,0
17.0,0,0
17.0,0,0
17.0,0,0
17.0,0,0
17.0,0,0
17.0,0,0
17.0,0,0
17.0,0,0
17.0,0,0
17.0,0,0
17.0,0,0
17.0,0,0
17.0,0,0
17.0,0,0
17.0,0,0
17.0,0,0
17.0,0,0
17.0,0,0
17.0,0,0
17.0,0,0
17.0,0,0
17.0,0,0
17.0,0,0
17.0,0,0
17.0,0,0
17.0,0,0
17.0,0,0
17.0,0,0
17.0,0,0
17.0,0,0
17.0,0,0
17.0,0,0
17.0,0,0
17.0,0,0
17.0,0,0
17.0,0,0
17.0,0,0
17.0,0,0
17.0,0,0
17.0,0,0
17.0,0,0
17.0,0,0
17.0,0,0
17.0,0,0
17.0,0,0
17.0,0,0
17.0,0,0
17.0,0,0
17.0,0,0
17.0,0,0
17.0,0,0
17.0,0,0
17.0,0,0
17.0,0,0
17.0,0,0
17.0,0,0
17.0,0,0
17.0,0,0
17.0,0,0
17.0,0,0
17.0,0,0
17.0,0,0
17.0,0,0
17.0,0,0
17.0,0,0
17.0,0,0
17.0,0,0
17.0,0,0
17.0,0,0
17.0,0,0
17.0,0,0
17.0,0,0
17.0,0,0
17.0,0,0
17.0,0,0
17.0,0,0
17.0,0,0
17.0,0,0
17.0,0,0
17.0,0,0
17.0,0,0
17.0,0,0
17.0,0,0
17.0,0,0
17.0,0,0
17.0,0,0
17.0,0,0
17.0,0,0
17.0,0,0
17.0,0,0
17.0,0,0
17.0,0,0
17.0,0,0
17.0,0,0
17.0,0,0
17.0,0,0
17.0,0,0
17.0,0,0
17.0,0,0
17.0,0,0
17.0,0,0
17.0,0,0
17.0,0,0
17.0,0,0
17.0,0,0
17.0,0,0
17.0,0,0
17.0,0,0
17.0,0,0
17.0,0,0
17.0,0,0
17.0,0,0
17.0,0,0
17.0,0,0
17.0,0,0
17.0,0,0
17.0,0,0
17.0,0,0
17.0,0,0
17.0,0,0
17.0,0,0
17.0,0,0
17.0,0,0
17.0,0,0
17.0,0,0
17.0,0,0
17.0,0,0
17.0,0,0
17.0,0,0
17.0,0,0
17.0,0,0
17.0,0,0
17.0,0,0
17.0,0,0
17.0,0,0
17.0,0,0
17.0,0,0
17.0,0,0
17.0,0,0
17.0,0,0
17.0,0,0
17.0,0,0
17.0,0,0
6.0,0,54
17.0,0,0
17.0,0,0
17.0,0,0
17.0,0,0
17.0,0,0
17.0,0,0
17.0,0,0
17.0,0,0
17.0,0,0
17.0,0,0
17.0,0,0
17.0,0,0
17.0,0,0
17.0,0,0
17.0,0,0
17.0,0,0
17.0,0,0
17.0,0,0
17.0,0,0
17.0,0,0
17.0,0,0
6.0,0,66
17.0,0,0
17.0,0,0
17.0,0,0
17.0,0,0
17.0,0,0
17.0,0,0
17.0,0,0
17.0,0,0
17.0,0,0
17.0,0,0
17.0,0,0
17.0,0,0
17.0,0,0
17.0,0,0
17.0,0,0
17.0,0,0
17.0,0,0
17.0,0,0
17.0,0,0
17.0,0,0
17.0,0,0
17.0,0,0
17.0,0,0
17.0,0,0
17.0,0,0
17.0,0,0
17.0,0,0
17.0,0,0
17.0,0,0
17.0,0,0
17.0,0,0
,0,0
,0,0
17.0,0,0
17.0,0,0
17.0,0,0
17.0,0,0
17.0,0,0
17.0,0,0
17.0,0,0
17.0,0,0
17.0,0,0
17.0,0,0
17.0,0,0
17.0,0,0
17.0,0,0
17.0,0,0
17.0,0,0
17.0,0,0
17.0,0,0
17.0,0,0
17.0,0,0
17.0,0,0
17.0,0,0
17.0,0,0
17.0,0,0
17.0,0,0
17.0,0,0
17.0,0,0
17.0,0,0
17.0,0,0
17.0,0,0
17.0,0,0
17.0,0,0
17.0,0,0
17.0,0,0
17.0,0,0
17.0,0,0
17.0,0,0
17.0,0,0
17.0,0,0
17.0,0,0
17.0,0,0
17.0,0,0
17.0,0,0
17.0,0,0
17.0,0,0
17.0,0,0
17.0,0,0
17.0,0,0
17.0,0,0
17.0,0,0
17.0,0,0
17.0,0,0
17.0,0,0
17.0,0,0
17.0,0,0
17.0,0,0
17.0,0,0
17.0,0,0
17.0,0,0
17.0,0,0
17.0,0,0
17.0,0,0
17.0,0,0
17.0,0,0
17.0,0,0
17.0,0,0
17.0,0,0
17.0,0,0
17.0,0,0
17.0,0,0
17.0,0,0
17.0,0,0
17.0,0,0
17.0,0,0
17.0,0,0
17.0,0,0
17.0,0,0
17.0,0,0
17.0,0,0
17.0,0,0
17.0,0,0
17.0,0,0
17.0,0,0
17.0,0,0
17.0,0,0
17.0,0,0
17.0,0,0
17.0,0,0
17.0,0,0
17.0,0,0
17.0,0,0
17.0,0,0
17.0,0,0
17.0,0,0
17.0,0,0
17.0,0,0
17.0,0,0
17.0,0,0
17.0,0,0
17.0,0,0
17.0,0,0
17.0,0,0
17.0,0,0
17.0,0,0
17.0,0,0
17.0,0,0
17.0,0,0
17.0,0,0
17.0,0,0
17.0,0,0
17.0,0,0
17.0,0,0
17.0,0,0
17.0,0,0
17.0,0,0
17.0,0,0
17.0,0,0
17.0,0,0
17.0,0,0
17.0,0,0
17.0,0,0
17.0,0,0
17.0,0,0
17.0,0,0
17.0,0,0
17.0,0,0
17.0,0,0
17.0,0,0
17.0,0,0
17.0,0,0
17.0,0,0
17.0,0,0
17.0,0,0
17.0,0,0
17.0,0,0
17.0,0,0
17.0,0,0
17.0,0,0
17.0,0,0
17.0,0,0
17.0,0,0
17.0,0,0
17.0,0,0
17.0,0,0
17.0,0,0
17.0,0,0
17.0,0,0
17.0,0,0
17.0,0,0
17.0,0,0
17.0,0,0
17.0,0,0
17.0,0,0
17.0,0,0
17.0,0,0
17.0,0,0
17.0,0,0
17.0,0,0
17.0,0,0
17.0,0,0
17.0,0,0
17.0,0,0
17.0,0,0
17.0,0,0
17.0,0,0
17.0,0,0
17.0,0,0
17.0,0,0
17.0,0,0
17.0,0,0
17.0,0,0
17.0,0,0
17.0,0,0
17.0,0,0
17.0,0,0
17.0,0,0
17.0,0,0
17.0,0,0
17.0,0,0
17.0,0,0
17.0,0,0
17.0,0,0
17.0,0,0
17.0,0,0
17.0,0,0
17.0,0,0
17.0,0,0
17.0,0,0
17.0,0,0
17.0,0,0
17.0,0,0
17.0,0,0
17.0,0,0
17.0,0,0
17.0,0,0
17.0,0,0
17.0,0,0
17.0,0,0
17.0,0,0
17.0,0,0
17.0,0,0
17.0,0,0
17.0,0,0
17.0,0,0
17.0,0,0
17.0,0,0
17.0,0,0
17.0,0,0
17.0,0,0
17.0,0,0
17.0,0,0
17.0,0,0
17.0,0,0
17.0,0,0
17.0,0,0
17.0,0,0
17.0,0,0
17.0,0,0
17.0,0,0
17.0,0,0
17.0,0,0
17.0,0,0
17.0,0,0
17.0,0,0
17.0,0,0
17.0,0,0
17.0,0,0
17.0,0,0
17.0,0,0
17.0,0,0
17.0,0,0
17.0,0,0
17.0,0,0
17.0,0,0
17.0,0,0
17.0,0,0
17.0,0,0
17.0,0,0
17.0,0,0
17.0,0,0
17.0,0,0
17.0,0,0
17.0,0,0
17.0,0,0
17.0,0,0
17.0,0,0
17.0,0,0
17.0,0,0
17.0,0,0
17.0,0,0
17.0,0,0
17.0,0,0
17.0,0,0
17.0,0,0
17.0,0,0
17.0,0,0
17.0,0,0
17.0,0,0
17.0,0,0
17.0,0,0
17.0,0,0
17.0,0,0
17.0,0,0
17.0,0,0
17.0,0,0
17.0,0,0
17.0,0,0
17.0,0,0
17.0,0,0
17.0,0,0
17.0,0,0
17.0,0,0
17.0,0,0
17.0,0,0
17.0,0,0
17.0,0,0
17.0,0,0
17.0,0,0
17.0,0,0
17.0,0,0
17.0,0,0
17.0,0,0
17.0,0,0
17.0,0,0
17.0,0,0
17.0,0,0
17.0,0,0
17.0,0,0
17.0,0,0
17.0,0,0
17.0,0,0
17.0,0,0
17.0,0,0
17.0,0,0
17.0,0,0
17.0,0,0
17.0,0,0
17.0,0,0
17.0,0,0
17.0,0,0
17.0,0,0
17.0,0,0
17.0,0,0
17.0,0,0
17.0,0,0
17.0,0,0
17.0,0,0
17.0,0,0
17.0,0,0
17.0,0,0
17.0,0,0
17.0,0,0
17.0,0,0
17.0,0,0
17.0,0,0
17.0,0,0
17.0,0,0
17.0,0,0
17.0,0,0
17.0,0,0
17.0,0,0
17.0,0,0
17.0,0,0
17.0,0,0
17.0,0,0
17.0,0,0
17.0,0,0
17.0,0,0
17.0,0,0
17.0,0,0
17.0,0,0
17.0,0,0
17.0,0,0
17.0,0,0
17.0,0,0
17.0,0,0
17.0,0,0
17.0,0,0
17.0,0,0
17.0,0,0
17.0,0,0
17.0,0,0
17.0,0,0
17.0,0,0
17.0,0,0
17.0,0,0
17.0,0,0
17.0,0,0
17.0,0,0
17.0,0,0
17.0,0,0
17.0,0,0
17.0,0,0
17.0,0,0
17.0,0,0
17.0,0,0
17.0,0,0
17.0,0,0
17.0,0,0
17.0,0,0
17.0,0,0
17.0,0,0
17.0,0,0
17.0,0,0
17.0,0,0
17.0,0,0
17.0,0,0
17.0,0,0
17.0,0,0
17.0,0,0
17.0,0,0
17.0,0,0
17.0,0,0
17.0,0,0
17.0,0,0
17.0,0,0
17.0,0,0
17.0,0,0
17.0,0,0
17.0,0,0
17.0,0,0
17.0,0,0
17.0,0,0
17.0,0,0
17.0,0,0
17.0,0,0
17.0,0,0
17.0,0,0
17.0,0,0
17.0,0,0
17.0,0,0
17.0,0,0
17.0,0,0
17.0,0,0
17.0,0,0
17.0,0,0
17.0,0,0
17.0,0,0
17.0,0,0
17.0,0,0
17.0,0,0
17.0,0,0
17.0,0,0
17.0,0,0
17.0,0,0
17.0,0,0
17.0,0,0
17.0,0,0
17.0,0,0
17.0,0,0
17.0,0,0
17.0,0,0
17.0,0,0
17.0,0,0
17.0,0,0
17.0,0,0
17.0,0,0
17.0,0,0
17.0,0,0
17.0,0,0
17.0,0,0
17.0,0,0
17.0,0,0
17.0,0,0
17.0,0,0
17.0,0,0
17.0,0,0
17.0,0,0
17.0,0,0
17.0,0,0
17.0,0,0
17.0,0,0
17.0,0,0
17.0,0,0
17.0,0,0
17.0,0,0
17.0,0,0
17.0,0,0
17.0,0,0
17.0,0,0
17.0,0,0
17.0,0,0
17.0,0,0
17.0,0,0
17.0,0,0
17.0,0,0
17.0,0,0
17.0,0,0
17.0,0,0
17.0,0,0
17.0,0,0
17.0,0,0
17.0,0,0
17.0,0,0
17.0,0,0
17.0,0,0
17.0,0,0
17.0,0,0
17.0,0,0
17.0,0,0
17.0,0,0
17.0,0,0
17.0,0,0
17.0,0,0
17.0,0,0
17.0,0,0
17.0,0,0
17.0,0,0
17.0,0,0
17.0,0,0
17.0,0,0
17.0,0,0
17.0,0,0
17.0,0,0
17.0,0,0
17.0,0,0
17.0,0,0
17.0,0,0
17.0,0,0
17.0,0,0
17.0,0,0
17.0,0,0
17.0,0,0
17.0,0,0
17.0,0,0
17.0,0,0
17.0,0,0
17.0,0,0
17.0,0,0
17.0,0,0
17.0,0,0
17.0,0,0
17.0,0,0
17.0,0,0
17.0,0,0
17.0,0,0
17.0,0,0
17.0,0,0
17.0,0,0
17.0,0,0
17.0,0,0
17.0,0,0
17.0,0,0
17.0,0,0
,0,0
17.0,0,0
17.0,0,0
17.0,0,0
17.0,0,0
17.0,0,0
17.0,0,0
17.0,0,0
17.0,0,0
17.0,0,0
17.0,0,0
17.0,0,0
17.0,0,0
17.0,0,0
17.0,0,0
17.0,0,0
17.0,0,0
17.0,0,0
17.0,0,0
17.0,0,0
17.0,0,0
17.0,0,0
17.0,0,0
17.0,0,0
17.0,0,0
17.0,0,0
17.0,0,0
17.0,0,0
17.0,0,0
17.0,0,0
17.0,0,0
17.0,0,0
17.0,0,0
17.0,0,0
17.0,0,0
17.0,0,0
17.0,0,0
17.0,0,0
17.0,0,0
17.0,0,0
,0,0
17.0,0,0
17.0,0,0
17.0,0,0
,0,0
17.0,0,0
17.0,0,0
17.0,0,0
17.0,0,0
17.0,0,0
17.0,0,0
17.0,0,0
17.0,0,0
17.0,0,0
17.0,0,0
17.0,0,0
17.0,0,0
17.0,0,0
17.0,0,0
17.0,0,0
17.0,0,0
17.0,0,0
17.0,0,0
17.0,0,0
17.0,0,0
17.0,0,0
17.0,0,0
17.0,0,0
17.0,0,0
17.0,0,0
17.0,0,0
17.0,0,0
17.0,0,0
17.0,0,0
17.0,0,0
17.0,0,0
17.0,0,0
17.0,0,0
17.0,0,0
17.0,0,0
17.0,0,0
17.0,0,0
17.0,0,0
17.0,0,0
17.0,0,0
17.0,0,0
17.0,0,0
17.0,0,0
17.0,0,0
17.0,0,0
17.0,0,0
17.0,0,0
17.0,0,0
17.0,0,0
17.0,0,0
17.0,0,0
17.0,0,0
17.0,0,0
17.0,0,0
17.0,0,0
17.0,0,0
17.0,0,0
17.0,0,0
17.0,0,0
17.0,0,0
17.0,0,0
17.0,0,0
17.0,0,0
17.0,0,0
17.0,0,0
17.0,0,0
17.0,0,0
17.0,0,0
17.0,0,0
17.0,0,0
17.0,0,0
17.0,0,0
17.0,0,0
17.0,0,0
17.0,0,0
17.0,0,0
17.0,0,0
17.0,0,0
17.0,0,0
17.0,0,0
17.0,0,0
17.0,0,0
17.0,0,0
17.0,0,0
17.0,0,0
17.0,0,0
17.0,0,0
17.0,0,0
17.0,0,0
17.0,0,0
17.0,0,0
17.0,0,0
17.0,0,0
17.0,0,0
17.0,0,0
17.0,0,0
17.0,0,0
17.0,0,0
17.0,0,0
17.0,0,0
17.0,0,0
17.0,0,0
17.0,0,0
17.0,0,0
17.0,0,0
17.0,0,0
17.0,0,0
17.0,0,0
17.0,0,0
17.0,0,0
17.0,0,0
17.0,0,0
17.0,0,0
17.0,0,0
17.0,0,0
17.0,0,0
17.0,0,0
17.0,0,0
17.0,0,0
17.0,0,0
17.0,0,0
17.0,0,0
17.0,0,0
17.0,0,0
17.0,0,0
17.0,0,0
17.0,0,0
17.0,0,0
17.0,0,0
17.0,0,0
17.0,0,0
17.0,0,0
17.0,0,0
17.0,0,0
17.0,0,0
17.0,0,0
17.0,0,0
17.0,0,0
17.0,0,0
17.0,0,0
17.0,0,0
17.0,0,0
17.0,0,0
17.0,0,0
17.0,0,0
17.0,0,0
17.0,0,0
17.0,0,0
17.0,0,0
17.0,0,0
17.0,0,0
17.0,0,0
17.0,0,0
17.0,0,0
17.0,0,0
17.0,0,0
17.0,0,0
17.0,0,0
17.0,0,0
17.0,0,0
17.0,0,0
17.0,0,0
17.0,0,0
17.0,0,0
17.0,0,0
17.0,0,0
17.0,0,0
17.0,0,0
17.0,0,0
17.0,0,0
17.0,0,0
17.0,0,0
17.0,0,0
17.0,0,0
17.0,0,0
17.0,0,0
17.0,0,0
17.0,0,0
17.0,0,0
17.0,0,0
17.0,0,0
17.0,0,0
17.0,0,0
17.0,0,0
17.0,0,0
17.0,0,0
17.0,0,0
17.0,0,0
17.0,0,0
17.0,0,0
17.0,0,0
17.0,0,0
17.0,0,0
17.0,0,0
17.0,0,0
17.0,0,0
17.0,0,0
17.0,0,0
17.0,0,0
17.0,0,0
17.0,0,0
17.0,0,0
17.0,0,0
17.0,0,0
17.0,0,0
17.0,0,0
17.0,0,0
17.0,0,0
17.0,0,0
17.0,0,0
17.0,0,0
17.0,0,0
17.0,0,0
17.0,0,0
17.0,0,0
17.0,0,0
17.0,0,0
17.0,0,0
17.0,0,0
17.0,0,0
17.0,0,0
17.0,0,0
17.0,0,0
17.0,0,0
17.0,0,0
17.0,0,0
17.0,0,0
17.0,0,0
17.0,0,0
17.0,0,0
17.0,0,0
17.0,0,0
17.0,0,0
17.0,0,0
17.0,0,0
17.0,0,0
17.0,0,0
17.0,0,0
17.0,0,0
17.0,0,0
17.0,0,0
17.0,0,0
17.0,0,0
17.0,0,0
17.0,0,0
17.0,0,0
17.0,0,0
17.0,0,0
17.0,0,0
17.0,0,0
17.0,0,0
17.0,0,0
17.0,0,0
17.0,0,0
17.0,0,0
17.0,0,0
17.0,0,0
17.0,0,0
17.0,0,0
17.0,0,0
17.0,0,0
17.0,0,0
17.0,0,0
17.0,0,0
17.0,0,0
17.0,0,0
17.0,0,0
17.0,0,0
17.0,0,0
17.0,0,0
17.0,0,0
17.0,0,0
17.0,0,0
17.0,0,0
17.0,0,0
17.0,0,0
17.0,0,0
17.0,0,0
17.0,0,0
17.0,0,0
17.0,0,0
17.0,0,0
17.0,0,0
17.0,0,0
17.0,0,0
17.0,0,0
17.0,0,0
17.0,0,0
17.0,0,0
17.0,0,0
17.0,0,0
17.0,0,0
17.0,0,0
17.0,0,0
17.0,0,0
17.0,0,0
17.0,0,0
17.0,0,0
17.0,0,0
17.0,0,0
17.0,0,0
17.0,0,0
17.0,0,0
17.0,0,0
17.0,0,0
17.0,0,0
17.0,0,0
17.0,0,0
17.0,0,0
17.0,0,0
17.0,0,0
17.0,0,0
17.0,0,0
17.0,0,0
17.0,0,0
17.0,0,0
17.0,0,0
17.0,0,0
17.0,0,0
17.0,0,0
17.0,0,0
17.0,0,0
17.0,0,0
17.0,0,0
17.0,0,0
17.0,0,0
17.0,0,0
17.0,0,0
17.0,0,0
17.0,0,0
17.0,0,0
17.0,0,0
17.0,0,0
17.0,0,0
17.0,0,0
17.0,0,0
17.0,0,0
17.0,0,0
17.0,0,0
17.0,0,0
17.0,0,0
17.0,0,0
17.0,0,0
17.0,0,0
17.0,0,0
17.0,0,0
17.0,0,0
17.0,0,0
17.0,0,0
17.0,0,0
17.0,0,0
17.0,0,0
17.0,0,0
17.0,0,0
17.0,0,0
17.0,0,0
17.0,0,0
17.0,0,0
17.0,0,0
17.0,0,0
17.0,0,0
17.0,0,0
17.0,0,0
17.0,0,0
17.0,0,0
17.0,0,0
17.0,0,0
17.0,0,0
17.0,0,0
17.0,0,0
17.0,0,0
17.0,0,0
17.0,0,0
17.0,0,0
17.0,0,0
17.0,0,0
17.0,0,0
17.0,0,0
17.0,0,0
17.0,0,0
17.0,0,0
,0,0
,0,0
17.0,0,0
17.0,0,0
17.0,0,0
17.0,0,0
,0,0
17.0,0,0
17.0,0,0
17.0,0,0
17.0,0,0
17.0,0,0
17.0,0,0
17.0,0,0
,0,0
,0,0
17.0,0,0
17.0,0,0
17.0,0,0
17.0,0,0
17.0,0,0
17.0,0,0
17.0,0,0
17.0,0,0
17.0,0,0
17.0,0,0
17.0,0,0
17.0,0,0
17.0,0,0
17.0,0,0
17.0,0,0
17.0,0,0
17.0,0,0
17.0,0,0
17.0,0,0
17.0,0,0
17.0,0,0
17.0,0,0
17.0,0,0
17.0,0,0
17.0,0,0
17.0,0,0
17.0,0,0
17.0,0,0
17.0,0,0
17.0,0,0
17.0,0,0
17.0,0,0
17.0,0,0
17.0,0,0
17.0,0,0
17.0,0,0
17.0,0,0
17.0,0,0
17.0,0,0
17.0,0,0
17.0,0,0
17.0,0,0
17.0,0,0
17.0,0,0
17.0,0,0
17.0,0,0
17.0,0,0
17.0,0,0
17.0,0,0
17.0,0,0
17.0,0,0
17.0,0,0
17.0,0,0
17.0,0,0
17.0,0,0
17.0,0,0
17.0,0,0
17.0,0,0
17.0,0,0
6.0,0,66
6.0,0,66
17.0,0,0
17.0,0,0
17.0,0,0
17.0,0,0
17.0,0,0
17.0,0,0
17.0,0,0
17.0,0,0
17.0,0,0
17.0,0,0
17.0,0,0
17.0,0,0
17.0,0,0
17.0,0,0
17.0,0,0
17.0,0,0
17.0,0,0
17.0,0,0
17.0,0,0
17.0,0,0
17.0,0,0
17.0,0,0
17.0,0,0
17.0,0,0
17.0,0,0
17.0,0,0
17.0,0,0
17.0,0,0
17.0,0,0
17.0,0,0
17.0,0,0
17.0,0,0
17.0,0,0
17.0,0,0
17.0,0,0
17.0,0,0
17.0,0,0
17.0,0,0
17.0,0,0
17.0,0,0
17.0,0,0
17.0,0,0
17.0,0,0
17.0,0,0
17.0,0,0
17.0,0,0
17.0,0,0
17.0,0,0
17.0,0,0
17.0,0,0
17.0,0,0
17.0,0,0
17.0,0,0
17.0,0,0
17.0,0,0
17.0,0,0
17.0,0,0
17.0,0,0
17.0,0,0
17.0,0,0
17.0,0,0
17.0,0,0
17.0,0,0
17.0,0,0
17.0,0,0
17.0,0,0
17.0,0,0
17.0,0,0
17.0,0,0
17.0,0,0
17.0,0,0
17.0,0,0
17.0,0,0
17.0,0,0
17.0,0,0
17.0,0,0
17.0,0,0
17.0,0,0
17.0,0,0
17.0,0,0
17.0,0,0
17.0,0,0
17.0,0,0
17.0,0,0
17.0,0,0
17.0,0,0
17.0,0,0
17.0,0,0
17.0,0,0
17.0,0,0
17.0,0,0
17.0,0,0
17.0,0,0
17.0,0,0
17.0,0,0
17.0,0,0
17.0,0,0
17.0,0,0
17.0,0,0
17.0,0,0
17.0,0,0
17.0,0,0
17.0,0,0
17.0,0,0
17.0,0,0
17.0,0,0
17.0,0,0
17.0,0,0
17.0,0,0
17.0,0,0
17.0,0,0
17.0,0,0
17.0,0,0
17.0,0,0
17.0,0,0
17.0,0,0
17.0,0,0
17.0,0,0
17.0,0,0
17.0,0,0
17.0,0,0
17.0,0,0
17.0,0,0
17.0,0,0
17.0,0,0
17.0,0,0
17.0,0,0
17.0,0,0
17.0,0,0
17.0,0,0
17.0,0,0
17.0,0,0
17.0,0,0
17.0,0,0
17.0,0,0
17.0,0,0
17.0,0,0
17.0,0,0
17.0,0,0
17.0,0,0
17.0,0,0
17.0,0,0
17.0,0,0
17.0,0,0
17.0,0,0
17.0,0,0
17.0,0,0
17.0,0,0
17.0,0,0
17.0,0,0
17.0,0,0
17.0,0,0
17.0,0,0
17.0,0,0
17.0,0,0
17.0,0,0
17.0,0,0
17.0,0,0
17.0,0,0
17.0,0,0
17.0,0,0
17.0,0,0
17.0,0,0
17.0,0,0
17.0,0,0
17.0,0,0
17.0,0,0
17.0,0,0
17.0,0,0
17.0,0,0
17.0,0,0
17.0,0,0
17.0,0,0
17.0,0,0
17.0,0,0
17.0,0,0
17.0,0,0
17.0,0,0
17.0,0,0
17.0,0,0
17.0,0,0
17.0,0,0
17.0,0,0
17.0,0,0
17.0,0,0
17.0,0,0
17.0,0,0
17.0,0,0
17.0,0,0
17.0,0,0
17.0,0,0
17.0,0,0
17.0,0,0
17.0,0,0
17.0,0,0
17.0,0,0
17.0,0,0
17.0,0,0
17.0,0,0
17.0,0,0
17.0,0,0
17.0,0,0
17.0,0,0
17.0,0,0
17.0,0,0
17.0,0,0
17.0,0,0
17.0,0,0
17.0,0,0
17.0,0,0
17.0,0,0
17.0,0,0
17.0,0,0
17.0,0,0
17.0,0,0
17.0,0,0
17.0,0,0
17.0,0,0
17.0,0,0
17.0,0,0
17.0,0,0
17.0,0,0
17.0,0,0
17.0,0,0
17.0,0,0
17.0,0,0
17.0,0,0
17.0,0,0
17.0,0,0
17.0,0,0
17.0,0,0
17.0,0,0
17.0,0,0
17.0,0,0
17.0,0,0
17.0,0,0
17.0,0,0
17.0,0,0
17.0,0,0
17.0,0,0
17.0,0,0
17.0,0,0
17.0,0,0
17.0,0,0
17.0,0,0
17.0,0,0
17.0,0,0
17.0,0,0
17.0,0,0
17.0,0,0
17.0,0,0
17.0,0,0
17.0,0,0
17.0,0,0
17.0,0,0
17.0,0,0
17.0,0,0
17.0,0,0
17.0,0,0
17.0,0,0
17.0,0,0
17.0,0,0
17.0,0,0
17.0,0,0
17.0,0,0
17.0,0,0
17.0,0,0
17.0,0,0
17.0,0,0
17.0,0,0
17.0,0,0
17.0,0,0
17.0,0,0
17.0,0,0
17.0,0,0
17.0,0,0
17.0,0,0
17.0,0,0
17.0,0,0
17.0,0,0
17.0,0,0
17.0,0,0
17.0,0,0
17.0,0,0
17.0,0,0
17.0,0,0
17.0,0,0
17.0,0,0
17.0,0,0
17.0,0,0
17.0,0,0
17.0,0,0
17.0,0,0
17.0,0,0
17.0,0,0
17.0,0,0
17.0,0,0
17.0,0,0
17.0,0,0
17.0,0,0
17.0,0,0
17.0,0,0
17.0,0,0
17.0,0,0
17.0,0,0
17.0,0,0
17.0,0,0
17.0,0,0
17.0,0,0
17.0,0,0
17.0,0,0
17.0,0,0
17.0,0,0
17.0,0,0
17.0,0,0
17.0,0,0
17.0,0,0
17.0,0,0
17.0,0,0
17.0,0,0
17.0,0,0
17.0,0,0
17.0,0,0
17.0,0,0
17.0,0,0
17.0,0,0
17.0,0,0
17.0,0,0
17.0,0,0
17.0,0,0
17.0,0,0
17.0,0,0
